0.00683393	0.0129292	0.0265999	0.0606443	0.00288352	0.000364439
0.00652286	0.0126492	0.0268259	0.05913	0.00293939	0.000358903
0.00621961	0.0127565	0.0289673	0.0602421	0.0030256	0.000368806
0.00622423	0.0131416	0.0284836	0.0604913	0.00301608	0.000368833
0.00683241	0.0138554	0.0280865	0.0630624	0.0030357	0.000372854
0.00666562	0.0133618	0.0287559	0.0629562	0.00302957	0.000364439
0.00906129	0.0103518	0.028377	0.0636028	0.00313585	0.000389374
0.00946997	0.0101806	0.0270847	0.0643026	0.00314414	0.000399102
0.00666196	0.0131737	0.0280615	0.0643113	0.00321411	0.000436896
0.00673048	0.0125356	0.0292665	0.0652691	0.00322818	0.000435526
0.0060018	0.0129768	0.0289955	0.0668593	0.00329953	0.000449683
0.00626326	0.0130444	0.0284777	0.0670652	0.00328407	0.000445486
0.00701134	0.0141145	0.0284628	0.0716231	0.00334079	0.000418816
0.00706404	0.0138206	0.0284829	0.0717312	0.0033407	0.00041324
0.00587518	0.0116697	0.029515	0.0717512	0.00356628	0.000436744
0.00578654	0.0127888	0.0289967	0.0717809	0.00357625	0.000435381
0.0062795	0.0135054	0.0277164	0.0728434	0.00358789	0.000453705
0.00606458	0.0131327	0.0296868	0.0723449	0.0035647	0.000453765
0.00596388	0.0127284	0.0291427	0.0751869	0.00355911	0.000438623
0.00636612	0.0121962	0.0283885	0.0763837	0.00353952	0.00045532
0.00619222	0.0134325	0.031142	0.0775427	0.00350739	0.000456518
0.00637514	0.0130161	0.030221	0.07737	0.00349164	0.000453677
0.00599494	0.012428	0.0293265	0.0763082	0.00352602	0.000485437
0.00624977	0.0122185	0.0294113	0.0767359	0.00353314	0.000491023
0.0067374	0.0129418	0.0288883	0.0774781	0.00343759	0.000510768
0.00628149	0.0129179	0.028774	0.0774253	0.00346018	0.00051499
0.00582693	0.0120855	0.0309892	0.077627	0.0034349	0.000523519
0.00584501	0.0135154	0.0295801	0.0787977	0.00342096	0.000506809
0.00641355	0.0129134	0.0298844	0.0806752	0.00327009	0.000502341
0.00632771	0.0130853	0.0303224	0.0801677	0.00324594	0.000513396
0.00593933	0.0120275	0.0283349	0.0807082	0.00323534	0.000521604
0.00605331	0.0118924	0.0284542	0.0807976	0.00324225	0.000527161
0.00597574	0.0121421	0.0294321	0.0796519	0.00318335	0.00052592
0.00608398	0.0127371	0.0287041	0.0805264	0.00317697	0.000517667
0.00619615	0.0121181	0.0274832	0.0834559	0.00310364	0.000509387
0.00646993	0.0122621	0.0285114	0.0821148	0.00308536	0.000519097
0.00663937	0.0134331	0.0285856	0.0848637	0.0030686	0.000484077
0.00623099	0.0132214	0.0294915	0.0844939	0.00306542	0.000481233
0.00870338	0.0104246	0.0281734	0.0827947	0.00306982	0.00048522
0.0059001	0.0126417	0.0277981	0.0825666	0.00299178	0.000446471
0.00674902	0.0123894	0.0274537	0.0834419	0.00296278	0.00044094
0.00628978	0.0115208	0.0285273	0.0840418	0.00294107	0.000447978
0.00567102	0.0122728	0.0280532	0.083994	0.00297603	0.000439657
0.00874205	0.00965546	0.0283213	0.0864571	0.00288482	0.000428205
0.00829881	0.0101671	0.0292238	0.0859101	0.00289833	0.000425366
0.00884413	0.00918595	0.0264518	0.0853066	0.00268728	0.000419627
0.00862385	0.00958808	0.0270136	0.0842267	0.00269122	0.000419591
0.00910459	0.00943392	0.0276542	0.0815606	0.00260548	0.000397423
0.00837664	0.0096273	0.0270268	0.0822698	0.00260276	0.000394653
0.00836978	0.00992617	0.0262488	0.0827014	0.0026278	0.000397436
0.0082682	0.00898801	0.0267139	0.0831002	0.0026083	0.000390481
0.00921674	0.00986526	0.0275738	0.0824327	0.0024677	0.000380501
0.00894826	0.00973561	0.0282292	0.082134	0.00245786	0.000386036
0.00819184	0.00977387	0.0265933	0.0801796	0.00229671	0.000373303
0.00865182	0.00899595	0.0264911	0.0805375	0.00227847	0.000362169
0.00820637	0.010581	0.0275336	0.0784039	0.00207345	0.000338636
0.0084684	0.00987564	0.0282336	0.0786318	0.00201787	0.000340013
0.00822578	0.00998973	0.0287229	0.0773351	0.00188331	0.000340023
0.00832019	0.00989264	0.0284483	0.0774951	0.00188332	0.000331698
0.00910483	0.00965949	0.030422	0.0773938	0.00181514	0.000309226
0.00825161	0.00981984	0.0294249	0.0777379	0.00180812	0.000302277
0.00813667	0.0104161	0.0286058	0.0768023	0.00164618	0.000289606
0.00872911	0.00931244	0.0294711	0.0755567	0.00163636	0.000296513
0.00890234	0.0098821	0.0295202	0.0754343	0.00140104	0.00027023
0.00877289	0.0100713	0.0283778	0.0759504	0.00137462	0.000268827
0.00847449	0.00941133	0.0290752	0.0756759	0.00122509	0.000263312
0.00875746	0.0100477	0.0289887	0.0758874	0.00124315	0.000259162
0.00916851	0.0105851	0.0294539	0.0766244	0.00119366	0.000240949
0.00916087	0.0103558	0.0311644	0.0744321	0.0012185	0.000235391
0.00845452	0.00967358	0.0290526	0.0723671	0.00111251	0.000221395
0.00869642	0.00979368	0.029096	0.0722626	0.00110556	0.00021447
0.00942584	0.00978017	0.026701	0.0726426	0.00104362	0.000192392
0.00856672	0.00985124	0.0281377	0.0717298	0.00107551	0.000184097
0.00858582	0.0103276	0.0283896	0.070571	0.000996903	0.000192458
0.00840682	0.00937321	0.0289351	0.0698713	0.00101347	0.000184141
0.00927016	0.0108948	0.0303346	0.0700002	0.00102817	0.000177128
0.00949932	0.00979268	0.0304435	0.0686179	0.00106132	0.000168815
0.0081104	0.0100215	0.0292071	0.0668593	0.00111043	0.000159027
0.00874809	0.0100909	0.028692	0.0660726	0.00110077	0.000168711
0.00851557	0.00990302	0.0293798	0.0658269	0.00114537	0.000136946
0.0087274	0.010238	0.0298923	0.0657536	0.00114539	0.000136949
0.00932511	0.0104015	0.0298735	0.0638036	0.0011774	0.000131437
0.00833281	0.0094327	0.0301492	0.0638845	0.00119396	0.000132816
0.00968475	0.0106527	0.0295907	0.0643073	0.00111311	0.000113385
0.00876479	0.0110946	0.0295893	0.0647659	0.0010771	0.000111997
0.00869254	0.00981055	0.0286025	0.0625573	0.0010116	0.000114703
0.0090864	0.00994736	0.0282832	0.0628185	0.00100883	0.000116085
0.00863392	0.00965406	0.0270422	0.0627141	0.000935825	0.000110585
0.00887938	0.0101526	0.0277648	0.062193	0.000916555	0.00010783
0.00814712	0.0107066	0.0277019	0.0620921	0.000854535	0.000113385
0.00886893	0.00983685	0.0288925	0.0619719	0.000860068	0.000109237
0.00976392	0.010155	0.0292406	0.062373	0.000801568	8.98309e-05
0.00924716	0.0095705	0.0312997	0.0618587	0.000779348	9.12003e-05
0.00886513	0.00926564	0.0304458	0.0605685	0.000719541	7.59592e-05
0.00875927	0.00955205	0.0295235	0.0603191	0.00069472	8.1488e-05
0.00955965	0.00948366	0.0296599	0.0601198	0.00064385	6.63193e-05
0.00873338	0.0108887	0.0293351	0.0596	0.000631412	6.2174e-05
0.00930183	0.0100108	0.0293303	0.0596666	0.000628782	6.21872e-05
0.00896337	0.0096198	0.0304873	0.059431	0.000619116	5.80422e-05
0.00891725	0.0103648	0.0301869	0.0624663	0.000555256	6.35368e-05
0.00993095	0.0105456	0.0312514	0.0608979	0.000559393	5.93923e-05
0.0088394	0.0103692	0.0293929	0.0602576	0.000491538	6.48941e-05
0.00865426	0.00988722	0.030595	0.0595774	0.000494292	6.62738e-05
0.00823818	0.010365	0.0307084	0.0592555	0.000523432	7.04354e-05
0.00870029	0.00968924	0.0287307	0.0609075	0.000523481	6.76797e-05
0.00861666	0.009758	0.0295683	0.059938	0.000526451	6.77063e-05
0.0086715	0.0100256	0.0286604	0.0604311	0.000519516	7.32297e-05
0.00893026	0.0104743	0.0305543	0.0608407	0.000487532	6.76744e-05
0.00981635	0.0108176	0.028532	0.0617734	0.00048336	7.18135e-05
0.00848832	0.00945203	0.0282608	0.0601859	0.000531556	8.14592e-05
0.00854343	0.00927656	0.0271324	0.0612896	0.000553639	7.45548e-05
0.00820638	0.00995897	0.0272901	0.0616652	0.000598008	6.49108e-05
0.00839391	0.00919629	0.0294616	0.0603801	0.000622846	6.07654e-05
0.00913482	0.00999	0.0280966	0.0599662	0.000663145	5.11174e-05
0.00870961	0.0102915	0.027632	0.059967	0.000670076	4.69744e-05
0.00937563	0.0106266	0.0273315	0.0635444	0.000700065	6.2136e-05
0.00961783	0.010514	0.028442	0.0624323	0.000694583	5.7997e-05
0.00916918	0.0098898	0.0266931	0.0608904	0.000826911	8.14486e-05
0.00876682	0.0107849	0.0272847	0.0608211	0.000839274	8.28231e-05
0.00870145	0.0099747	0.0286288	0.06075	0.000908674	8.14769e-05
0.0086093	0.0108438	0.0270777	0.0616102	0.000908713	8.14803e-05
0.00880529	0.0108263	0.024906	0.0639357	0.000842678	8.70306e-05
0.00862299	0.0104396	0.0268691	0.0624041	0.000855115	8.70311e-05
0.00986305	0.00984648	0.0276574	0.0636038	0.000858857	8.83712e-05
0.00922459	0.010412	0.0273051	0.0649905	0.000821528	9.52697e-05
0.00958769	0.00941793	0.0259504	0.0635159	0.000916399	0.00011455
0.00859719	0.0095164	0.0269233	0.0637647	0.000924726	0.000110415
0.00882033	0.00963222	0.0265135	0.0633661	0.00101624	0.000128411
0.00919513	0.00962181	0.0263757	0.063652	0.000996979	0.000133943
0.00874639	0.00971192	0.0276785	0.062856	0.0010042	0.000150562
0.00873221	0.0106604	0.0277063	0.0626131	0.00100969	0.000154699
0.00939158	0.00973675	0.0279207	0.0648284	0.00109628	0.000161543
0.00971595	0.0103676	0.0281027	0.0643804	0.00109213	0.000160161
0.00881559	0.00985353	0.0265172	0.0629996	0.00108901	0.000168389
0.00854794	0.00991992	0.0265686	0.0632407	0.00110145	0.00016149
0.00920444	0.0101199	0.0249787	0.0636923	0.00108393	0.000183647
0.00893646	0.0100922	0.0256247	0.0637137	0.00108944	0.000189168
0.00925403	0.00960623	0.0262897	0.0636926	0.00109391	0.000190605
0.00890738	0.00906346	0.0259307	0.0643807	0.00110773	0.000189225
0.0102944	0.0104835	0.0265525	0.064755	0.00107955	0.000180845
0.00857379	0.0109716	0.0260637	0.0652262	0.00109743	0.000180835
0.00851127	0.0091199	0.0267207	0.0630458	0.00110134	0.000194598
0.00839916	0.00921341	0.0267294	0.0630186	0.001122	0.000197351
0.00918325	0.0104699	0.0259401	0.0622852	0.00114307	0.000212601
0.00883699	0.0102051	0.0265248	0.0621447	0.00112102	0.000218129
0.00896603	0.0107857	0.0259882	0.0617033	0.00118323	0.000215384
0.00883911	0.0104586	0.0255647	0.0622714	0.00119153	0.000215386
0.00993818	0.00976293	0.0271554	0.0614037	0.00120191	0.000205608
0.00894268	0.0110276	0.0273606	0.0613445	0.00120597	0.000204215
0.00912438	0.0101367	0.0256685	0.0602022	0.00114882	0.000217904
0.00864869	0.00977546	0.0265088	0.0594789	0.00114194	0.000217907
0.00931964	0.0110026	0.0255048	0.0576532	0.00112288	0.000226232
0.00959676	0.00992645	0.0261707	0.0578454	0.00110079	0.00022209
0.00812621	0.0103106	0.0269439	0.0570118	0.00113152	0.000227683
0.00832768	0.0103202	0.0257406	0.0577887	0.00113841	0.000222163
0.00978634	0.010578	0.026336	0.0587912	0.00112537	0.000231695
0.00988749	0.0104515	0.0258688	0.0581528	0.00113492	0.000223399
0.00849142	0.00959816	0.0258574	0.056711	0.00115222	0.000226034
0.0089624	0.0101228	0.0260989	0.0569346	0.00114804	0.000230158
0.00906534	0.0101696	0.0255045	0.0561924	0.00115385	0.000232975
0.00911521	0.0111142	0.0242631	0.0569149	0.00115112	0.00023436
0.00951183	0.00985932	0.0258742	0.0552094	0.00113761	0.000230281
0.00940952	0.0103265	0.0256487	0.0549266	0.00114172	0.000224758
0.00980304	0.0127368	0.0250988	0.0553926	0.00115476	0.000214967
0.00964241	0.0127247	0.0246737	0.054943	0.00116018	0.000209438
0.00945795	0.0119922	0.023253	0.0540495	0.00120927	0.000201086
0.00993673	0.0111735	0.0228662	0.0544227	0.00123813	0.000199699
0.00959671	0.0126023	0.0213615	0.053587	0.00127139	0.000201108
0.00955846	0.0118864	0.022978	0.0519785	0.00127005	0.00020387
0.00855497	0.0111315	0.0234769	0.0511273	0.00125107	0.000198408
0.00972708	0.0118158	0.0238162	0.0514488	0.00124413	0.000198399
0.0094642	0.0123624	0.0241534	0.0516566	0.00122949	0.000201014
0.00901903	0.012644	0.0241164	0.051771	0.00122117	0.000205134
0.00913973	0.0112131	0.0237278	0.0512392	0.00120249	0.000200873
0.00893247	0.0115797	0.0226848	0.0519217	0.00118879	0.000203636
0.00936721	0.0115445	0.0239617	0.0487643	0.00104875	0.000194061
0.00883023	0.0112952	0.0239969	0.0488085	0.00105974	0.000199561
0.0094166	0.0117814	0.0242635	0.0477492	0.00104063	0.000198215
0.00971781	0.0108795	0.0251823	0.0481555	0.00103097	0.000195457
0.00937103	0.0121636	0.0251939	0.0480025	0.000987728	0.000184339
0.0096699	0.0127703	0.0253109	0.0479878	0.0010055	0.000176067
0.00984323	0.0112223	0.0252481	0.0463755	0.000952837	0.000171868
0.00950349	0.0112991	0.0269554	0.0455637	0.000945949	0.000171866
0.00953199	0.0126369	0.0253824	0.0456166	0.00086492	0.000152633
0.00861128	0.012426	0.0258008	0.0460996	0.000873229	0.000148518
0.00935527	0.0125273	0.0264591	0.0452632	0.000819841	0.000138933
0.0102327	0.0125477	0.0263005	0.0451427	0.000814324	0.000137555
0.00963069	0.0129133	0.028356	0.0451073	0.00080966	0.000125092
0.00976938	0.0128334	0.0281713	0.0442749	0.000805524	0.00012509
0.00918712	0.0120205	0.0268029	0.0459342	0.000835443	0.000114049
0.00871688	0.0127909	0.0254746	0.0462954	0.00082717	0.000115419
0.00956031	0.0116854	0.0271936	0.0454867	0.000876992	0.000103095
0.00930858	0.0125292	0.0258955	0.0473498	0.00089347	0.000101718
0.00949174	0.0122414	0.0264474	0.0472277	0.000892257	9.62373e-05
0.0097119	0.0120051	0.0259681	0.047703	0.000901898	8.799e-05
0.00972672	0.0122553	0.0267272	0.0478407	0.000900114	9.06985e-05
0.00903345	0.012253	0.0257853	0.0494023	0.000908291	8.38211e-05
0.00984732	0.0118404	0.0236987	0.0491954	0.000861246	0.000101646
0.00941623	0.0117885	0.0245797	0.0486279	0.000840662	0.00010989
0.00905595	0.0115291	0.0258433	0.048532	0.00087523	0.000109919
0.00926247	0.0116739	0.0246133	0.0491566	0.000861529	0.000107176
0.0092715	0.0114196	0.024347	0.0501631	0.000911207	0.000101703
0.00899135	0.0117347	0.0248176	0.0500627	0.000896112	9.48339e-05
0.0093141	0.0114341	0.0269956	0.0525555	0.000931548	0.000114039
0.00928077	0.011806	0.0276871	0.0519888	0.000923268	0.000114035
0.00914171	0.0108857	0.0249395	0.0528522	0.000972259	0.000145564
0.00849048	0.0118397	0.024594	0.0531208	0.000968105	0.000148305
0.00933767	0.0113313	0.0262254	0.0531104	0.00108271	0.000170375
0.00968007	0.0116862	0.0245457	0.0536079	0.00109648	0.000169006
0.00930926	0.0111593	0.0256805	0.0545003	0.00111057	0.000186927
0.00942315	0.0117267	0.0250189	0.0549143	0.0011078	0.000186924
0.00900771	0.0120749	0.0255679	0.0556925	0.00110071	0.00015803
0.00895587	0.0115335	0.0260899	0.0555585	0.00111021	0.000155264
0.0093069	0.0118006	0.0267007	0.056031	0.00114722	0.000168992
0.0097073	0.0115169	0.0263794	0.0560632	0.00116515	0.000173124
0.00890574	0.0113672	0.0246433	0.0558642	0.00129188	0.000171793
0.00927454	0.0105239	0.0248288	0.0559771	0.00126583	0.000170427
0.00915686	0.0123045	0.0251453	0.0581851	0.00138199	0.000174639
0.00921448	0.0113761	0.0252205	0.0589735	0.00142322	0.000163636
0.00959746	0.0110712	0.0274849	0.0602271	0.00151228	0.00017185
0.00906229	0.0130765	0.0271759	0.0599456	0.00150672	0.000170468
0.00860307	0.0111157	0.0264703	0.0620922	0.00157107	0.000202053
0.00946901	0.0111184	0.0258436	0.0613843	0.00155457	0.0002103
0.00890895	0.0113043	0.0283865	0.0611939	0.00168031	0.000198007
0.00841172	0.0125248	0.0266763	0.0620462	0.00171342	0.00020352
0.00878419	0.0117145	0.0265672	0.0646976	0.00182563	0.000196733
0.00875869	0.0117012	0.0265347	0.0651695	0.00183235	0.000202219
0.00943442	0.011239	0.0282799	0.0660808	0.00192705	0.000209073
0.00822804	0.0116461	0.0286757	0.0660265	0.00196279	0.000211822
0.00820438	0.0102782	0.0278599	0.0678037	0.00223606	0.000215905
0.00869648	0.0108902	0.0278595	0.0669215	0.00222398	0.000218684
0.00876159	0.0129188	0.0265117	0.0697653	0.00228222	0.000203598
0.00941602	0.0107409	0.028105	0.0688922	0.00228659	0.000206371
0.00866467	0.0109258	0.0264055	0.0716404	0.00234645	0.000188542
0.0086292	0.010951	0.0263789	0.0722582	0.00236856	0.000194054
0.00865207	0.0115576	0.0282056	0.0746343	0.0022067	0.000203611
0.00851024	0.0115368	0.0285009	0.0739343	0.00221629	0.000214613
0.00836205	0.0112695	0.0286359	0.07356	0.00217028	0.000220054
0.00839893	0.0114645	0.029049	0.0733019	0.00214959	0.00023105
0.00867477	0.0118346	0.0262994	0.0749887	0.00210335	0.000237985
0.00900209	0.0109692	0.0274946	0.0735575	0.0020827	0.000235232
0.0085214	0.0110206	0.0283097	0.0736677	0.00197209	0.000243587
0.00857028	0.0112082	0.0269425	0.075001	0.00198707	0.000240816
0.00870919	0.0119579	0.0282994	0.0762412	0.00186095	0.000272334
0.00860443	0.0121309	0.0286232	0.076286	0.00187466	0.000269576
0.00751619	0.0114936	0.0270814	0.0765422	0.00169379	0.000270841
0.00840249	0.0105196	0.0283818	0.0749323	0.00170469	0.000268077
0.00863246	0.0110044	0.026358	0.076093	0.00154141	0.000277757
0.00790837	0.0107521	0.027251	0.0745334	0.00153189	0.000272276
0.00818609	0.011244	0.0263025	0.0757959	0.00141135	0.000276492
0.00846475	0.0105968	0.0274313	0.0747041	0.0014195	0.000277848
0.00891281	0.0103453	0.027709	0.0764154	0.00135555	0.000262586
0.00857269	0.0117978	0.0282173	0.0755816	0.00132934	0.000268069
0.00838262	0.0104944	0.0279164	0.0747154	0.00134512	0.000243194
0.00859605	0.0105884	0.027955	0.0745875	0.00134657	0.000244581
0.0085596	0.0100975	0.0289182	0.0734012	0.00125618	0.000232269
0.00846634	0.0103039	0.0295126	0.073106	0.00123422	0.0002309
0.0083406	0.0113238	0.027961	0.0728232	0.00121253	0.000218585
0.0082897	0.0115506	0.0290511	0.0720049	0.00119328	0.000221334
0.0087666	0.0114717	0.0296424	0.0732927	0.00116229	0.000201957
0.00921663	0.0111303	0.0291418	0.0740875	0.00113611	0.00020744
0.00910925	0.0102407	0.0278591	0.0721558	0.00106004	0.000188117
0.0081927	0.0118682	0.0266774	0.0735119	0.00102701	0.000190847
0.00920865	0.0109197	0.0291145	0.0716808	0.00103676	0.000185382
0.00835644	0.011228	0.0271897	0.0724559	0.00103958	0.000182647
0.00813513	0.0114232	0.0274916	0.0737024	0.00106307	0.000177179
0.00912386	0.0119339	0.0271848	0.0730843	0.0010191	0.000179923
0.0088138	0.012083	0.0285742	0.0727832	0.000995018	0.000175672
0.00860888	0.0122525	0.028334	0.0733313	0.00100183	0.000183898
0.00873583	0.0119633	0.0269427	0.0724159	0.000988937	0.000187912
0.00838957	0.0121503	0.0267981	0.0720855	0.000977891	0.000185155
0.00917109	0.0118545	0.028512	0.06912	0.000873894	0.000192065
0.00908931	0.0119759	0.0282585	0.0695343	0.000901385	0.000186588
0.00908815	0.0119671	0.0276912	0.0682826	0.00091252	0.000182504
0.00809995	0.011765	0.0275931	0.069417	0.00092759	0.000185244
0.00874546	0.0123339	0.0273621	0.0692493	0.000920069	0.000160429
0.00834742	0.0119823	0.027365	0.0686935	0.00092414	0.000165906
0.00848282	0.011384	0.0287361	0.064316	0.000935988	0.000171301
0.00889246	0.0114962	0.0272749	0.0653539	0.00094831	0.000165817
0.00891531	0.0114988	0.0275367	0.063827	0.000919627	0.000164464
0.00850716	0.0111345	0.0282996	0.0644759	0.000911432	0.000161728
0.00909788	0.0115159	0.0287371	0.0604926	0.000901974	0.000167235
0.00830846	0.0113379	0.0289432	0.060724	0.000910216	0.000161755
0.00868714	0.012347	0.0306695	0.0601619	0.000861863	0.000160315
0.00945268	0.0117121	0.0296172	0.060336	0.000879638	0.000161678
0.00932917	0.0109546	0.0302332	0.0572225	0.000850347	0.000158841
0.00879663	0.0112231	0.029271	0.0577655	0.000858575	0.000164321
0.00970354	0.0114539	0.028812	0.0563832	0.000827232	0.00016572
0.00871684	0.0115056	0.0287872	0.0558048	0.000790323	0.000169844
0.00947232	0.0123394	0.0284498	0.0552531	0.000756142	0.000168488
0.00924226	0.011734	0.0288857	0.055144	0.000760257	0.00016164
0.00899823	0.0116216	0.0297796	0.0570495	0.000627083	0.000162932
0.00872198	0.012317	0.0302675	0.056532	0.000598259	0.000158806
0.00914367	0.0115042	0.0291894	0.0553601	0.000604834	0.000157366
0.0089858	0.01168	0.0287595	0.0553502	0.000597958	0.000161462
0.00915378	0.0123588	0.0277843	0.0553811	0.000617186	0.000165586
0.00990445	0.0115057	0.0282325	0.0552402	0.000588491	0.000162862
0.00910819	0.0115036	0.0286469	0.0535349	0.000618711	0.00016426
0.00877523	0.0119905	0.0276425	0.0543569	0.000613212	0.000173835
0.00924255	0.0121528	0.0294051	0.0539365	0.000625292	0.00016419
0.00897511	0.012427	0.0308082	0.0525208	0.000619775	0.000168283
0.00891466	0.0113464	0.02998	0.052123	0.000614097	0.000153182
0.00924416	0.0114037	0.0302408	0.0516109	0.000594942	0.000157283
0.00913578	0.0110333	0.0293965	0.0516121	0.000592362	0.000145012
0.00908801	0.0115957	0.027669	0.0527414	0.000578689	0.000146382
0.00916505	0.0113109	0.0293427	0.0512282	0.000587099	0.000135484
0.00832259	0.0122546	0.0288943	0.0511002	0.000565241	0.000146443
0.0089626	0.0120217	0.029843	0.0507999	0.000589663	0.0001245
0.00915738	0.0121013	0.0294503	0.0507774	0.000590975	0.000120384
0.00935874	0.0116783	0.0276317	0.0514218	0.00054979	0.000116249
0.00919715	0.0113662	0.0275778	0.0515792	0.00055388	0.000114879
0.00885112	0.0114175	0.0272634	0.0511012	0.000543106	0.000113546
0.00889546	0.0120106	0.028008	0.0497555	0.000548612	0.000114921
0.00891559	0.0114121	0.0288149	0.0497037	0.000559791	0.000113601
0.00940025	0.0117626	0.0281433	0.0496114	0.000592648	0.00010539
0.00962388	0.0113152	0.0292753	0.0499421	0.000608933	0.00011084
0.00937611	0.0121316	0.0281872	0.0508811	0.000606102	0.000114927
0.00876757	0.0112556	0.0281725	0.0500613	0.000608669	0.000103953
0.00936928	0.0114729	0.0275826	0.050233	0.000593615	0.000114893
0.00897643	0.0124543	0.0287065	0.0488744	0.000554101	0.000112188
0.00889096	0.0116357	0.0298582	0.0483338	0.000543199	0.000110829
0.00887222	0.0114715	0.0284768	0.0499661	0.000517387	0.0001095
0.00899943	0.011652	0.0288297	0.0493497	0.000526963	0.00010813
0.00914305	0.0122628	0.0290533	0.0499748	0.00050217	0.000101255
0.00903347	0.0119685	0.0294032	0.0497347	0.000515846	9.98853e-05
0.00923479	0.0120732	0.0279205	0.0494351	0.000523911	0.000102594
0.00935219	0.011653	0.0289949	0.048613	0.000521162	0.000102591
0.00900458	0.0118524	0.0278376	0.048232	0.000478967	8.75826e-05
0.00926522	0.010704	0.0304569	0.0473761	0.0004942	8.48764e-05
0.00871834	0.0127626	0.0287412	0.0475662	0.000487395	8.07761e-05
0.00874162	0.012088	0.0298094	0.0484477	0.000488611	8.75941e-05
0.00945108	0.0111645	0.0283601	0.0499076	0.000481723	8.7586e-05
0.00910633	0.011477	0.02881	0.0494686	0.000413116	8.75477e-05
0.00850534	0.0117649	0.0286744	0.0502743	0.000406254	7.93358e-05
0.00899666	0.011643	0.0285156	0.0513843	0.000379023	7.11523e-05
0.0095073	0.0116378	0.0281497	0.0517004	0.000361244	6.97859e-05
0.00897612	0.011087	0.0285464	0.0533187	0.000368244	6.434e-05
0.00847321	0.0104638	0.030184	0.0524123	0.000379234	6.43465e-05
0.00838805	0.0123788	0.0303976	0.0521198	0.000353095	5.88491e-05
0.00928037	0.012257	0.0295573	0.0530203	0.000346252	5.47434e-05
0.0084162	0.0125969	0.0286865	0.0523441	0.000378948	4.92496e-05
0.0078949	0.0121426	0.0294756	0.0521124	0.000377576	5.33532e-05
0.0090532	0.0112946	0.0281845	0.0525308	0.000406409	4.92617e-05
0.00878668	0.0108927	0.028644	0.0528008	0.000424213	5.47372e-05
0.00922938	0.0115799	0.0280632	0.0523523	0.000423002	4.79128e-05
0.00874863	0.0115549	0.0284991	0.0528696	0.000429834	4.51737e-05
0.00898361	0.0123668	0.027256	0.0549445	0.000458487	4.24272e-05
0.00965394	0.0122734	0.0270253	0.055244	0.000489951	4.37945e-05
0.00889812	0.0114031	0.0286261	0.0534804	0.000571866	5.88283e-05
0.00929066	0.0112703	0.0268733	0.0549915	0.000555442	6.43e-05
0.00958135	0.0111671	0.0263251	0.0538529	0.000685457	4.37817e-05
0.009295	0.0117169	0.0257395	0.0543032	0.000678687	4.65229e-05
0.00868042	0.0108827	0.0274223	0.0554701	0.00070489	4.10616e-05
0.00903933	0.0109091	0.026513	0.0562289	0.000730921	4.1063e-05
0.00935605	0.0115507	0.025645	0.056908	0.00075527	4.10473e-05
0.00967759	0.0115877	0.0260965	0.0568697	0.00076348	4.37838e-05
0.00941892	0.0109343	0.0267879	0.0554577	0.000731686	6.70142e-05
0.00891036	0.0114474	0.0270142	0.055418	0.000720762	7.38541e-05
0.00946533	0.0113557	0.0265426	0.055338	0.000694854	7.65981e-05
0.00977983	0.0114269	0.0255638	0.0566913	0.00070452	7.6608e-05
0.00909613	0.0116333	0.0248772	0.0565009	0.000671912	6.70544e-05
0.00946151	0.0110941	0.0252275	0.0568416	0.000697913	6.56859e-05
0.00909398	0.0125718	0.0256511	0.0568596	0.00080583	6.29341e-05
0.00905946	0.012336	0.0260182	0.0564485	0.000850949	6.43e-05
0.00872969	0.0115511	0.0245151	0.0554704	0.00103668	9.02647e-05
0.00938062	0.0105335	0.0252001	0.0558666	0.00103257	9.84699e-05
0.00934187	0.0124896	0.0246166	0.0552756	0.00112037	0.000106702
0.00831978	0.0114474	0.0256133	0.0557183	0.00116704	0.000110821
0.0086479	0.0111742	0.0260367	0.0562134	0.00125086	0.000127276
0.00880338	0.0110422	0.0261118	0.0562196	0.00117689	0.000131373
0.00896604	0.0114535	0.0260019	0.0582977	0.00141749	0.00013956
0.00876623	0.0114835	0.0247936	0.0592278	0.00137096	0.000150505
0.00843436	0.0112805	0.0259459	0.0577741	0.00159332	0.000176428
0.00914195	0.0115916	0.0268377	0.0556067	0.00161393	0.000176438
0.00910158	0.0111714	0.0245577	0.0565275	0.00167448	0.000199734
0.0084659	0.0110339	0.0254483	0.0573432	0.00166226	0.000207954
0.00804997	0.0108405	0.0252913	0.0557462	0.00167514	0.000255924
0.00852759	0.0113195	0.0252926	0.0559788	0.00166419	0.000254555
0.00857868	0.0121292	0.0258414	0.055693	0.00172805	0.000261328
0.00899381	0.0110966	0.0258623	0.0564979	0.00172653	0.000261305
0.00874096	0.0104982	0.025334	0.055818	0.00165739	0.000266659
0.00856313	0.0107142	0.0256265	0.0552227	0.00162866	0.000263923
0.00879051	0.0111964	0.0246236	0.0546661	0.00153598	0.000257137
0.00866268	0.0111891	0.0262192	0.0535902	0.00154569	0.00026263
0.00857531	0.0110023	0.0260693	0.0533275	0.00152681	0.000273622
0.0092694	0.0107231	0.0257268	0.0525407	0.00134022	0.00027625
0.00852771	0.0113393	0.0246505	0.0536182	0.00133057	0.000278969
0.00925006	0.0104965	0.0250673	0.0507783	0.00127243	0.000274714
0.00923751	0.0116962	0.0243832	0.0505828	0.00127923	0.000278806
0.00909262	0.0109516	0.02438	0.0511071	0.00123978	0.000278848
0.00919696	0.0113595	0.0244551	0.0503427	0.00125078	0.000272027
0.00924454	0.0114131	0.0251781	0.0491406	0.00127982	0.000283038
0.00917752	0.01161	0.0238394	0.0502111	0.00126205	0.000284405
0.00947252	0.0118482	0.0253434	0.0500021	0.00120833	0.000284312
0.00935324	0.0121703	0.0239729	0.0506685	0.00123972	0.000280201
0.0091789	0.0120446	0.0251718	0.0486736	0.00122845	0.000272324
0.00898871	0.0119075	0.0264797	0.0464972	0.00121617	0.000263731
0.00924453	0.0110661	0.0269096	0.0461461	0.00122577	0.000262373
0.00938175	0.0113516	0.0263271	0.0455226	0.00116195	0.000274768
0.00851135	0.0108395	0.0264705	0.0462779	0.00117431	0.000276147
0.00909466	0.0122588	0.0256397	0.0463221	0.00116724	0.000269259
0.00949701	0.0126226	0.0255786	0.046281	0.00118491	0.000277435
0.00918695	0.0119779	0.0262152	0.0458514	0.00128959	0.000288245
0.00879186	0.0113655	0.0263018	0.0456668	0.00131277	0.000285503
0.00922839	0.0106603	0.025279	0.0457102	0.00114638	0.000306064
0.00922633	0.0116409	0.0249078	0.0463803	0.00116422	0.000299254
0.00971552	0.0125408	0.025888	0.0454393	0.00119735	0.000296605
0.00932631	0.0128679	0.0256279	0.0460329	0.00118646	0.000304817
0.00908726	0.0124953	0.0260538	0.0467946	0.0013747	0.000293799
0.00932596	0.0122829	0.0264352	0.0455203	0.00136644	0.000295151
0.00905712	0.0115949	0.0262863	0.0462745	0.00135631	0.000305956
0.00927217	0.0110135	0.0253486	0.0470861	0.00134801	0.0003032
0.00862445	0.0115302	0.0242572	0.0475417	0.0013798	0.000304649
0.00890192	0.0120755	0.0245609	0.0469605	0.00140851	0.000303288
0.00911623	0.0116785	0.0237342	0.0478277	0.00143214	0.00030064
0.00885631	0.0120621	0.0233631	0.0470268	0.00140067	0.000297898
0.0092377	0.0120273	0.0251052	0.0474085	0.00137295	0.000281421
0.00930535	0.0116167	0.0248316	0.0478217	0.00138651	0.000286865
0.00953432	0.0115701	0.0245301	0.0472988	0.00136809	0.000259419
0.00920406	0.0115348	0.0254699	0.0470853	0.00136402	0.000262154
0.00915712	0.0122081	0.0240216	0.0468741	0.00126192	0.000255389
0.00946226	0.0114495	0.0241282	0.0477306	0.00126746	0.000255404
0.00864227	0.0118177	0.0253666	0.0470112	0.00133767	0.000237748
0.00860992	0.0123608	0.0241791	0.0485591	0.00131998	0.000240493
0.0085785	0.0108847	0.026573	0.0491416	0.00127878	0.000239089
0.00893334	0.0114908	0.0266252	0.0484906	0.00128009	0.000237712
0.00924913	0.0112405	0.0264594	0.0486221	0.00121009	0.000254037
0.00921883	0.0118097	0.0254167	0.0488885	0.00119503	0.000266322
0.00983506	0.0105605	0.0260802	0.0497956	0.00113802	0.000263671
0.00902679	0.0115776	0.0268591	0.0487231	0.00113945	0.000256854
0.00894243	0.0117169	0.026025	0.0499576	0.00103461	0.000263777
0.00868961	0.0118344	0.0272183	0.0497268	0.00103734	0.000256944
0.00925429	0.0123222	0.0266655	0.0515299	0.000959319	0.000270577
0.00943131	0.0110041	0.0275738	0.0507216	0.000956522	0.000274658
0.00959022	0.0119246	0.025532	0.0514902	0.000995766	0.000270455
0.00942323	0.0117835	0.02568	0.051039	0.00100256	0.000275908
0.00959387	0.0114697	0.0271435	0.0501308	0.00112853	0.000259589
0.00951095	0.0115932	0.0265107	0.0500073	0.00108759	0.000259601
0.00869995	0.0107188	0.0273423	0.0523856	0.00111671	0.000254233
0.00858414	0.0108054	0.0275759	0.053126	0.00110446	0.000244675
0.00833801	0.0109793	0.0269558	0.0529277	0.00108085	0.000240493
0.00885026	0.0105637	0.0269771	0.0540089	0.00108493	0.000241855
0.00872987	0.0117896	0.0268603	0.054297	0.00111872	0.000260899
0.00912986	0.0121158	0.027981	0.053625	0.00111323	0.000256794
0.00877729	0.0121234	0.0264822	0.0555426	0.00114225	0.000250038
0.00855024	0.0120616	0.0265402	0.0552172	0.00113949	0.000252764
0.00832671	0.0118975	0.027557	0.0558865	0.00120437	0.000220095
0.00897013	0.0114143	0.0258688	0.0579832	0.00120568	0.000226919
0.00968368	0.0122095	0.0260564	0.0561886	0.0011686	0.000213219
0.00908321	0.0111374	0.0259102	0.0576372	0.00118358	0.000221408
0.00926546	0.011326	0.0267374	0.0565738	0.00103982	0.000200859
0.00858086	0.0117249	0.0260254	0.0567717	0.00105758	0.000204957
0.00921519	0.0108838	0.027185	0.0558952	0.00116574	0.000198161
0.00846712	0.012007	0.0260096	0.0564297	0.00117132	0.000205015
0.0097682	0.0108333	0.0262924	0.0559525	0.00119231	0.000198263
0.00913662	0.0116006	0.0267316	0.0557003	0.00119233	0.000195531
0.00935507	0.0115329	0.0283673	0.0553963	0.00116067	0.000199597
0.00894941	0.0113994	0.0282154	0.0553931	0.00117302	0.000203706
0.00909551	0.0110212	0.0268806	0.0561338	0.00115078	0.000210475
0.0089752	0.0120763	0.0259935	0.0555172	0.00116171	0.000205007
0.00872592	0.0119426	0.0259522	0.0556679	0.00109775	0.000213261
0.00929121	0.0117968	0.0256373	0.0551553	0.00107716	0.000214612
0.00924889	0.0111449	0.0264744	0.0565275	0.00108207	0.000213404
0.0081049	0.0114727	0.0264391	0.0568096	0.00107929	0.000217499
0.00955367	0.011422	0.0249353	0.0577515	0.000982037	0.000205161
0.00913775	0.011706	0.025001	0.0574836	0.000976408	0.000207863
0.0087063	0.0110305	0.0254504	0.0572841	0.000981647	0.000188673
0.00835943	0.0110146	0.0260422	0.0571009	0.000974856	0.000179111
0.00919332	0.0112735	0.0244002	0.0576545	0.00108591	0.000202412
0.00839953	0.0110284	0.0247007	0.0576505	0.00109422	0.00020927
0.00852965	0.0107411	0.0255862	0.0584349	0.00103182	0.000229902
0.00830608	0.0110118	0.0259871	0.058794	0.00104562	0.000232663
0.0089929	0.0113899	0.0251139	0.0603645	0.00113147	0.000239428
0.00940164	0.0119956	0.0261213	0.059718	0.001141	0.000235315
0.00913814	0.0112073	0.0265911	0.0588276	0.00113919	0.000248899
0.00877168	0.0115862	0.0256203	0.0601709	0.00112279	0.000250268
0.0084465	0.0125843	0.0248963	0.0594387	0.00109018	0.000265364
0.00903937	0.0112062	0.0273261	0.0578545	0.00107657	0.000266749
0.00901203	0.0119841	0.0273275	0.0576641	0.001159	0.000261357
0.00880832	0.0116245	0.0256245	0.0589858	0.00115629	0.000259994
0.00902116	0.0118472	0.0264753	0.0611004	0.00114765	0.000268104
0.00829474	0.0123327	0.0279428	0.0590467	0.00114354	0.00026947
0.0092104	0.0106664	0.027463	0.0590439	0.00111422	0.000282997
0.00917642	0.0106024	0.0276386	0.0590821	0.00112928	0.000273433
0.00952867	0.0113731	0.0249449	0.0589344	0.00114853	0.00028303
0.0089341	0.0114527	0.0251205	0.0593665	0.00113898	0.000284404
0.00892791	0.0107471	0.0269301	0.0597884	0.00114215	0.000276304
0.00878189	0.0112455	0.0268887	0.0588045	0.0011504	0.000274947
0.00928604	0.0106001	0.0286662	0.0579629	0.00115409	0.000269379
0.00931465	0.0117554	0.0281272	0.0579062	0.00115408	0.000262539
0.00938777	0.0114525	0.0268775	0.0577328	0.00117245	0.000263732
0.00924715	0.0121674	0.0254935	0.0588431	0.00118886	0.000259636
0.00873549	0.0119607	0.0270606	0.0556149	0.00122723	0.000252826
0.00915494	0.0115233	0.0267487	0.0559437	0.00122585	0.000243257
0.008863	0.0117982	0.0278344	0.0544685	0.00128372	0.000235144
0.00969767	0.0112536	0.0275686	0.0544467	0.00126331	0.000232427
0.0092858	0.0110284	0.0274583	0.0541198	0.00120412	0.00023235
0.00957774	0.0124833	0.026895	0.0540251	0.00120405	0.000241903
0.00923232	0.0115626	0.0276464	0.0528902	0.00126622	0.000225378
0.00886444	0.0126506	0.0271192	0.0517825	0.00125523	0.000228099
0.00922701	0.0118729	0.0260555	0.0501619	0.00131268	0.000214455
0.0091051	0.0124543	0.0258169	0.0506463	0.00131127	0.000211715
0.00844589	0.0120519	0.0257585	0.0510265	0.00141835	0.000217262
0.00873857	0.012413	0.0258973	0.0504432	0.00140063	0.000215902
0.00930142	0.011998	0.0267035	0.0496654	0.0013237	0.000240424
0.00939272	0.0122955	0.0260445	0.049667	0.00131957	0.000241785
0.00892873	0.0114394	0.0274347	0.0490329	0.00138982	0.000266224
0.00957059	0.0115475	0.0265683	0.0489793	0.00135982	0.000274421
0.00810912	0.011347	0.0273905	0.0481549	0.00143255	0.000252642
0.00933991	0.0114649	0.0285742	0.0477743	0.00144353	0.000252651
0.00897477	0.0120624	0.0263532	0.0479861	0.00140858	0.000275979
0.00928529	0.01125	0.0273162	0.048107	0.00139088	0.000280089
0.00957551	0.01219	0.026918	0.0469733	0.00146296	0.000300515
0.00954154	0.0118569	0.0271548	0.0473607	0.00149987	0.000289593
0.00880633	0.0123275	0.0281352	0.0456482	0.00154145	0.000322216
0.00875032	0.0119165	0.0281283	0.0449763	0.00156329	0.000314023
0.00942407	0.0114957	0.0268247	0.0445038	0.00148851	0.000359155
0.00934832	0.0111046	0.0273703	0.0439774	0.00144766	0.000368743
0.00876259	0.0119089	0.0262304	0.0443567	0.00151508	0.000390724
0.00852014	0.011347	0.0278161	0.0431363	0.00151931	0.000371629
0.0095485	0.0115754	0.0303227	0.0435344	0.00155431	0.000360578
0.00936919	0.0123466	0.0294037	0.0431611	0.00155835	0.000353735
0.00903075	0.0112506	0.0286527	0.0417681	0.00137338	0.000342664
0.00943476	0.0114102	0.0277623	0.043182	0.00137747	0.00033993
0.0091703	0.0122972	0.0284831	0.0412868	0.00130536	0.000294935
0.00863012	0.0123894	0.0278513	0.0425511	0.00130135	0.000285395
0.00911215	0.0118745	0.028331	0.0419555	0.00124319	0.000248637
0.00884967	0.0120245	0.0273892	0.0430216	0.00123496	0.000244534
0.0092588	0.0119945	0.0292091	0.0421351	0.00120874	0.000196676
0.00942506	0.0122412	0.0293514	0.041594	0.00118684	0.000192571
0.00931829	0.0122096	0.0286552	0.0394669	0.00110438	0.000165179
0.00936414	0.0129842	0.0283409	0.0393007	0.00111114	0.000155614
0.00982256	0.0131773	0.0281118	0.0376012	0.000988536	0.0001065
0.00939438	0.0123274	0.0287443	0.0378383	0.00094763	0.000105141
0.00992372	0.0116926	0.0290554	0.037243	0.000762208	6.82982e-05
0.00989085	0.0120627	0.0295578	0.0366362	0.00076903	6.14678e-05
0.00956537	0.0126751	0.0285582	0.0377493	0.000656902	5.59937e-05
0.00965748	0.0125034	0.0294695	0.0368765	0.000643195	5.59894e-05
0.00927009	0.0122427	0.0286865	0.0356241	0.000528199	6.00536e-05
0.00914039	0.0119524	0.0300571	0.0345385	0.000465483	4.77768e-05
0.00977018	0.0116759	0.0299221	0.0348256	0.000458681	4.91444e-05
0.00965647	0.0123632	0.0278796	0.0360612	0.000415156	4.91632e-05
0.00912689	0.0125507	0.0282315	0.0365513	0.000443848	4.3702e-05
0.00894523	0.0126006	0.030349	0.0361236	0.000439683	3.41369e-05
0.00913647	0.0119425	0.0322951	0.0347407	0.000431494	3.14062e-05
0.0092456	0.0118238	0.0299697	0.0354183	0.000397176	2.86622e-05
0.00853294	0.0128172	0.030358	0.0350093	0.000380789	3.13912e-05
0.00956304	0.0111576	0.0308597	0.0344105	0.000406821	3.27641e-05
0.00954963	0.0120602	0.0301083	0.0340346	0.000413658	3.00346e-05
0.00899799	0.0125237	0.0308585	0.0343937	0.00048084	3.82486e-05
0.0096963	0.0110514	0.0312555	0.0349971	0.000504076	3.68836e-05
0.00920763	0.012352	0.0292374	0.0368483	0.000569587	2.32206e-05
0.00947492	0.012798	0.0299354	0.0360435	0.000551805	1.91219e-05
0.00914724	0.0114395	0.0311156	0.0354299	0.000623924	1.09221e-05
0.00895	0.0124462	0.0300063	0.0361932	0.000611592	5.46065e-06
0.00935641	0.0121598	0.0294648	0.0369163	0.000568048	5.462e-06
0.00960567	0.0125881	0.0287487	0.0370775	0.000566726	9.55924e-06
0.00962658	0.0108878	0.03032	0.0378791	0.000543844	0
0.00928103	0.0122053	0.0294706	0.0380424	0.000537021	0
0.00900656	0.0124974	0.0296388	0.0395581	0.000595701	0
0.00924751	0.0122025	0.0298013	0.0405639	0.000583348	0
0.0093853	0.0120908	0.028048	0.0420222	0.000613213	0
0.00926821	0.0119793	0.0284261	0.0416455	0.000621432	0
0.00941591	0.0124908	0.0288966	0.041039	0.000637927	5.46404e-06
0.00955471	0.0121326	0.0292748	0.0411874	0.000637982	8.19678e-06
0.00874055	0.0119612	0.02927	0.0429851	0.000695799	3.41748e-05
0.00872765	0.0118611	0.0285194	0.0441496	0.000701329	3.41778e-05
0.00982346	0.0115227	0.0281321	0.0469328	0.000851658	6.28833e-05
0.00923672	0.0107691	0.0298495	0.0465595	0.000884439	6.97162e-05
0.0090546	0.0111259	0.0271215	0.0489416	0.000886742	9.29098e-05
0.00913744	0.0114259	0.0272128	0.0483309	0.000892157	0.000101102
0.00906162	0.0115962	0.0295022	0.0480954	0.000881294	0.00012707
0.00946059	0.0121769	0.0287411	0.0478878	0.000870364	0.000128437
0.00877558	0.0130697	0.028335	0.0503676	0.000929645	0.000139447
0.00874914	0.0122384	0.028636	0.0509881	0.000905131	0.000147665
0.00927842	0.0122423	0.0280745	0.0521804	0.000969265	0.000157215
0.00953077	0.0117467	0.0289751	0.0514719	0.000969208	0.000161307
0.00880665	0.0113195	0.0286172	0.0530217	0.00102482	0.000183102
0.00967466	0.0111778	0.0278119	0.0530794	0.00104809	0.000184474
0.00935239	0.0119286	0.0276499	0.0528096	0.00114667	0.000209106
0.00938012	0.0110558	0.0281554	0.0527613	0.00118225	0.000200915
0.00899434	0.0112125	0.029476	0.0536679	0.00126498	0.000227012
0.00903988	0.0112964	0.0276161	0.0556042	0.00130059	0.000227023
0.00912957	0.0113422	0.0282475	0.056212	0.00137026	0.000236581
0.00916475	0.0119776	0.0277076	0.0552729	0.00136336	0.000240674
0.00947711	0.0121714	0.0296753	0.0536531	0.0014312	0.000254254
0.00913922	0.0119387	0.0288816	0.0538375	0.0014503	0.000255614
0.00958211	0.0124658	0.0288202	0.0520699	0.00150541	0.00025432
0.00902978	0.0118779	0.0290583	0.0527006	0.00152593	0.000257056
0.0093462	0.0112833	0.0280564	0.0523467	0.00159509	0.000266761
0.00877753	0.0124057	0.027542	0.0530578	0.00158286	0.000262669
0.00961871	0.0120124	0.0283022	0.0531587	0.00161817	0.000257156
0.00952979	0.0125226	0.0284581	0.0525759	0.00160175	0.000263994
0.00967222	0.0124	0.0276945	0.0525737	0.00162981	0.000291233
0.00992412	0.0123983	0.0266677	0.0514096	0.00176025	0.000280381
0.00966597	0.0119994	0.0274975	0.0502201	0.0017562	0.000279023
0.00958211	0.0118825	0.027163	0.0509212	0.00176808	0.000287381
0.0092779	0.0116374	0.0278679	0.0499192	0.00177921	0.000273725
0.00886785	0.0117235	0.028645	0.0491693	0.00176098	0.000290076
0.00928201	0.0121252	0.0274506	0.0497814	0.00178553	0.000283222
0.00890813	0.0119719	0.0272879	0.0486918	0.00183004	0.000277652
0.00912662	0.0117006	0.0262365	0.0491029	0.00181766	0.000277642
0.00937537	0.0121402	0.0265884	0.0469808	0.00183868	0.000281822
0.00892271	0.0125564	0.0261238	0.0477177	0.00181956	0.000285932
0.00905351	0.0118368	0.0267977	0.0474402	0.00180167	0.00030119
0.00896606	0.0116755	0.0265614	0.0471454	0.00181539	0.000301196
0.00941876	0.012593	0.0265097	0.0471732	0.00190675	0.000299769
0.00926362	0.0123501	0.0261333	0.0473173	0.0018957	0.000297016
0.00933691	0.011771	0.0253426	0.0464259	0.00193607	0.000302382
0.00933629	0.0126048	0.0258964	0.0457101	0.00192636	0.000306467
0.00919308	0.0119436	0.0251599	0.0455453	0.00187748	0.000286001
0.00949698	0.0113047	0.0240107	0.0456443	0.00188161	0.000284636
0.0090653	0.0110085	0.0245325	0.0459085	0.00185688	0.000277984
0.00901172	0.0117792	0.0250263	0.0455105	0.00182672	0.00027524
0.00975699	0.0115452	0.0252811	0.0460493	0.00169097	0.000275211
0.00947425	0.0119099	0.0260172	0.0454422	0.00166347	0.000275191
0.00900007	0.0116589	0.0253294	0.0455997	0.00157094	0.000265473
0.0096497	0.0124439	0.0232991	0.0461357	0.00157088	0.000269568
0.00928269	0.0112999	0.0264371	0.0427882	0.00141232	0.000261388
0.00932286	0.0121066	0.0243131	0.0444766	0.00140418	0.000261401
0.00889966	0.0109195	0.0256473	0.0448981	0.00138856	0.000245121
0.00858572	0.0113901	0.0250232	0.0452989	0.0013885	0.00024648
0.00965225	0.0118346	0.0261268	0.0447686	0.00137185	0.00023138
0.00898296	0.0134963	0.0251734	0.0455062	0.00134977	0.000234088
0.00962	0.0123633	0.0244899	0.0459957	0.00124098	0.000213443
0.0091615	0.011783	0.0249123	0.0468706	0.00120676	0.000218913
0.00877587	0.011131	0.0260854	0.0448509	0.00107971	0.000203899
0.00900193	0.0113886	0.0246917	0.0452601	0.00108248	0.000205274
0.00876882	0.0123358	0.0265625	0.0456447	0.00110089	0.000198544
0.00911929	0.0118332	0.0263679	0.0460716	0.00108309	0.000193066
0.00919744	0.0122062	0.0252242	0.0462774	0.00108141	0.000164265
0.00961267	0.0118191	0.0247537	0.047765	0.00110731	0.000164249
0.00971818	0.0124733	0.0246279	0.0464705	0.00107934	0.000154583
0.00873177	0.0121202	0.0256673	0.04576	0.00107249	0.000161421
0.00905345	0.0119171	0.0260179	0.0442069	0.000990584	0.000142294
0.00950697	0.0124652	0.0247868	0.0447654	0.0010057	0.000135462
0.00995525	0.0116457	0.0239498	0.0454249	0.0010307	0.00013688
0.0097666	0.0118349	0.0247211	0.0442611	0.00102525	0.000138252
0.00954597	0.0112772	0.0260184	0.0443535	0.00101413	0.000132754
0.00993282	0.012284	0.0256422	0.0444144	0.00100724	0.000135485
0.00901835	0.011993	0.0257188	0.0428173	0.000904023	0.000138134
0.00927195	0.0125431	0.0251067	0.0435905	0.000861553	0.000138122
0.00906839	0.0123716	0.0247295	0.0430222	0.000701672	0.00013541
0.00996881	0.0115268	0.025145	0.04247	0.000703069	0.000135416
0.00929374	0.0126165	0.0262007	0.0423398	0.000599419	0.000125905
0.00955679	0.0122885	0.0262493	0.0419593	0.00061586	0.000125909
0.00977804	0.0121192	0.0276388	0.0427109	0.000600694	0.000114939
0.00954377	0.0124459	0.0260056	0.0432966	0.000576047	0.000113567
0.00971046	0.0124413	0.0259999	0.0416985	0.000534684	0.000102561
0.00896902	0.0131247	0.0258938	0.041793	0.000519626	0.00010119
0.00970064	0.0114649	0.0257061	0.040999	0.000411658	8.47934e-05
0.00951507	0.0123612	0.0252833	0.0406657	0.000411677	8.06941e-05
0.00918487	0.012023	0.0275163	0.0416644	0.000362633	8.07371e-05
0.00900333	0.012571	0.0268293	0.0407757	0.000370862	7.93727e-05
0.00945597	0.0126125	0.0265974	0.041826	0.000353008	6.43077e-05
0.0100767	0.0122576	0.0279808	0.0407199	0.000346151	6.56729e-05
0.00928594	0.0119965	0.0265778	0.0409279	0.000422585	5.3336e-05
0.00971664	0.0115861	0.0275239	0.0404529	0.000417111	4.64976e-05
0.00894218	0.0114715	0.0274489	0.0406386	0.000400804	4.78777e-05
0.00916967	0.0117757	0.0273489	0.0402833	0.000399454	4.92478e-05
0.00885823	0.0122285	0.0272236	0.040821	0.000375082	5.33876e-05
0.00947885	0.0117089	0.0268376	0.0406835	0.000340877	6.16043e-05
0.00914591	0.0118519	0.0269778	0.0410539	0.000385984	6.29619e-05
0.00933855	0.012674	0.02674	0.0414931	0.000377758	6.70657e-05
0.00891661	0.0109402	0.0280428	0.0413472	0.000388571	7.11468e-05
0.00979075	0.0121632	0.0257301	0.0415395	0.000387197	7.38821e-05
0.00872179	0.012228	0.0266238	0.0420282	0.0003873	8.62188e-05
0.00953403	0.0121564	0.0272061	0.041581	0.00039554	8.34878e-05
0.00884117	0.0120366	0.0259414	0.0416761	0.000397202	9.58764e-05
0.00888553	0.012277	0.0270689	0.0412499	0.000408184	0.000101361
0.00907359	0.0130701	0.0266524	0.0432286	0.000419097	0.000104089
0.00930833	0.0123198	0.0278798	0.043018	0.000413582	0.000102711
0.00848733	0.0111581	0.0275044	0.0437768	0.000410677	0.000119096
0.00914054	0.0110283	0.0275763	0.0438998	0.00040795	0.00011773
0.00892654	0.0117021	0.0263743	0.0439056	0.000432702	0.000127346
0.00892625	0.0118186	0.0269198	0.0435672	0.00041769	0.0001301
0.0088745	0.0109712	0.0256423	0.0466131	0.00044537	0.000139778
0.00884581	0.0119758	0.0261428	0.0456296	0.00043167	0.000132927
0.00932043	0.0119225	0.027346	0.0477655	0.000412445	0.000134284
0.00966945	0.0117056	0.0271874	0.0482171	0.000409688	0.00013839
0.00899785	0.0113292	0.0281729	0.0471713	0.000413663	0.000141084
0.00925098	0.0127259	0.0268832	0.0466795	0.000421869	0.000142449
0.00879467	0.011439	0.0269841	0.0464382	0.000516528	0.00013153
0.00880763	0.0120865	0.0266997	0.046658	0.000511084	0.00013565
0.00844616	0.0112588	0.0258116	0.0501709	0.000544427	0.000139878
0.00905538	0.0113429	0.0252585	0.049989	0.000555418	0.000134398
0.00894647	0.0122426	0.0276922	0.0496587	0.00058272	0.000139853
0.009296	0.0121287	0.0290507	0.0486861	0.000578601	0.000139851
0.00898069	0.0119889	0.0260088	0.0502866	0.000600266	0.000134306
0.00890814	0.0116148	0.0264311	0.0503049	0.00059616	0.000135678
0.00901218	0.011998	0.0256012	0.0495492	0.000670362	0.000131605
0.00931829	0.01169	0.0261356	0.0496445	0.000660794	0.000126127
0.00893004	0.0112953	0.0259889	0.0508363	0.000729879	0.000134451
0.00847918	0.0121219	0.0263897	0.0512469	0.000724435	0.000135832
0.00938374	0.012038	0.0283446	0.0503109	0.000709164	0.000152258
0.00914504	0.0130022	0.0264873	0.0517716	0.000721508	0.000155001
0.00827981	0.0113318	0.0289663	0.0498159	0.000682786	0.000145332
0.00911753	0.0124149	0.0263435	0.0507936	0.000696497	0.000146703
0.00905638	0.0115303	0.0256936	0.0488227	0.000604764	0.000154962
0.00904655	0.0113987	0.026853	0.0496504	0.000625413	0.000149496
0.0092922	0.0114883	0.0267511	0.0497194	0.000627258	0.000145491
0.00865697	0.0110316	0.026605	0.050399	0.000619041	0.00014275
0.00925786	0.0123854	0.0265316	0.0500921	0.000699898	0.000144097
0.0092942	0.0116256	0.0260383	0.050316	0.000717683	0.000145458
0.00848451	0.0115212	0.027419	0.0489348	0.000759848	0.000153616
0.00931166	0.0113125	0.026639	0.0490926	0.000758373	0.00015908
0.00873102	0.0117721	0.0266293	0.0469966	0.000787369	0.000155005
0.00843922	0.0117932	0.0276813	0.0471099	0.000766828	0.000164614
0.00854066	0.011776	0.0260887	0.0472235	0.000792022	0.000174327
0.00946265	0.01248	0.0252772	0.0483401	0.000778373	0.000172972
0.0095654	0.0119688	0.0268776	0.0470707	0.000746675	0.000164708
0.00905143	0.0120969	0.0267028	0.0467161	0.000746623	0.000160579
0.00936512	0.0122331	0.0278718	0.0453663	0.000726936	0.000159103
0.00887637	0.0116742	0.0281666	0.0446932	0.000709067	0.000156351
0.00900724	0.0111771	0.027521	0.0429651	0.000600757	0.000141274
0.00929844	0.0119512	0.0265141	0.043513	0.000606271	0.000139909
0.00900133	0.0114496	0.0278	0.042826	0.000544828	0.000139981
0.00934447	0.0119643	0.0273912	0.0427425	0.000547576	0.000141354
0.00811026	0.0121867	0.0298643	0.0411427	0.000517267	0.000128974
0.00921576	0.011105	0.0290769	0.0416555	0.000510386	0.000130341
0.00910296	0.0122785	0.0286677	0.0416674	0.000493608	0.000128887
0.00909743	0.0122908	0.0284769	0.0411873	0.00049909	0.00012203
0.00972438	0.0117057	0.0286754	0.0376223	0.000429178	0.000113808
0.00883894	0.0117144	0.0267458	0.0390677	0.000420967	0.000116554
0.00877442	0.012366	0.0263781	0.0394986	0.000393724	0.000108377
0.0094866	0.0122016	0.0271894	0.0392209	0.000401963	0.000107007
0.00953086	0.0127156	0.0294923	0.0371085	0.000386776	0.000105609
0.0100393	0.0128221	0.0294446	0.0366724	0.000388133	9.60046e-05
0.009029	0.0123804	0.0287004	0.0369576	0.000335829	8.90975e-05
0.00924672	0.0127434	0.0287051	0.0360247	0.00033445	9.45781e-05
0.00886242	0.0121085	0.0276798	0.0347766	0.000278279	7.81373e-05
0.00948121	0.01216	0.0262694	0.0360645	0.000278295	7.67709e-05
0.00894127	0.0119025	0.0285163	0.0339642	0.000259227	7.54364e-05
0.00925027	0.0119441	0.0285093	0.0338518	0.000248265	7.68112e-05
0.00966364	0.012638	0.0288346	0.0338111	0.000245465	7.13083e-05
0.0102099	0.0122118	0.0285495	0.034691	0.000245443	6.5817e-05
0.00903147	0.0132937	0.0287376	0.032405	0.000212425	6.30421e-05
0.00899039	0.0121507	0.0299766	0.0312909	0.000213796	6.44129e-05
0.00986679	0.0119805	0.0290123	0.0306668	0.000194649	5.20892e-05
0.00976997	0.0122882	0.0278294	0.0303764	0.000226189	5.34627e-05
0.0090682	0.0119917	0.0302255	0.0294504	0.000278494	5.76194e-05
0.00943845	0.0124717	0.0285335	0.0302291	0.000282605	5.48747e-05
0.0102188	0.0122145	0.0284987	0.0300761	0.000311364	4.93793e-05
0.00952126	0.012396	0.0287819	0.0302206	0.000303111	4.5261e-05
0.0101272	0.012293	0.0290862	0.0289876	0.000264558	3.97522e-05
0.00991623	0.0126962	0.028016	0.0276925	0.000259078	4.3865e-05
0.00936974	0.0117142	0.0287097	0.0266806	0.000160413	3.29052e-05
0.00972138	0.0116574	0.0283661	0.0269045	0.000153568	3.01651e-05
0.00873935	0.0124848	0.0278178	0.0255554	0.000139939	2.60671e-05
0.00955444	0.0118978	0.0281543	0.0261759	0.000144057	2.46956e-05
0.00996455	0.0127822	0.0307867	0.0248099	0.000134434	1.09742e-05
0.0100699	0.0131933	0.0299655	0.0247502	0.0001262	1.09739e-05
0.0096782	0.0127014	0.0305414	0.0227539	0	0
0.00980161	0.0126973	0.0291896	0.0229897	0	0
0.00961411	0.0124188	0.0286188	0.0230327	0	0
0.00989484	0.0115504	0.0299506	0.0214891	0	0
0.0091446	0.0124851	0.0294897	0.0223091	4.11733e-05	0
0.00931232	0.0123167	0.029588	0.0224058	3.84296e-05	0
0.00955035	0.0126254	0.0306585	0.022586	1.50939e-05	0
0.00990125	0.0134221	0.0308536	0.0214683	1.37212e-05	0
0.00927959	0.0124601	0.0292912	0.0221457	4.52596e-05	0
0.00966608	0.0121813	0.0304931	0.0217158	5.623e-05	0
0.00947439	0.0135202	0.0289651	0.0196841	0.000119356	0
0.0099442	0.0118787	0.0291329	0.0204948	0.000127595	0
0.00904163	0.0123205	0.0285899	0.0227517	0.000178498	2.1969e-05
0.0093117	0.0126472	0.0296736	0.0222844	0.00017577	2.19713e-05
0.0095759	0.012756	0.0299484	0.0237077	0.000221067	1.6477e-05
0.0101648	0.0131443	0.0297116	0.024461	0.000225182	1.51036e-05
0.00939188	0.0123002	0.030782	0.0234049	0.000263516	2.47046e-05
0.00888409	0.0118089	0.0308836	0.0236657	0.000288222	2.88222e-05
0.00928885	0.012559	0.0289154	0.0241502	0.000451675	1.78473e-05
0.00830506	0.0125585	0.0282336	0.0246269	0.000466808	2.19674e-05
0.00918807	0.0119722	0.0304212	0.0250521	0.000626646	4.80979e-05
0.00947824	0.0125085	0.0296344	0.0251049	0.000633532	5.9093e-05
0.00970159	0.0127371	0.0314436	0.0264993	0.000691204	0.000163525
0.00972705	0.0121207	0.0310389	0.0265278	0.000685662	0.000166263
0.00909882	0.0127397	0.0299417	0.0266839	0.00081031	0.000197771
0.00919774	0.0122275	0.0301107	0.0268378	0.000813059	0.000204638
0.00920146	0.0122828	0.0278723	0.0280055	0.000839369	0.000240408
0.00913048	0.0119784	0.0290167	0.0265726	0.000833915	0.000236299
0.00931362	0.0121088	0.0283671	0.0274074	0.000878565	0.000241984
0.00832943	0.0127733	0.02791	0.0284944	0.000882716	0.00024749
0.00901783	0.0136498	0.028471	0.0289219	0.000972039	0.000243353
0.00901213	0.0126376	0.0294273	0.0283081	0.000954145	0.000236474
0.00916894	0.0125413	0.0308778	0.0274491	0.000972963	0.000240492
0.00925259	0.0132887	0.0293079	0.0283143	0.000993558	0.000233617
0.00942153	0.0127756	0.026237	0.0304763	0.000944352	0.000235057
0.00918299	0.0122871	0.0280878	0.0286267	0.000910051	0.000239198
0.00936705	0.0124582	0.0273679	0.0313822	0.00088319	0.000250375
0.00991619	0.0121696	0.0281321	0.0311559	0.000885964	0.000250381
0.00969435	0.0122146	0.0302992	0.0317299	0.000872175	0.000207726
0.0098052	0.0127325	0.0292161	0.0325588	0.000896884	0.000203587
0.00901836	0.011793	0.0288879	0.0336521	0.000908848	0.00018012
0.00933564	0.0120497	0.0294052	0.0333278	0.000912941	0.000177363
0.00938152	0.0121667	0.0285352	0.0327136	0.000925636	0.000155419
0.00965174	0.0118869	0.0280515	0.0327804	0.000921572	0.000148552
0.0091696	0.012033	0.0288606	0.0344593	0.000912693	0.000143167
0.00912256	0.0119725	0.0291093	0.0342172	0.000912807	0.000143185
0.0095424	0.0122442	0.0292865	0.0352613	0.000893266	0.000122497
0.00898261	0.0122282	0.0287454	0.0368953	0.000889176	0.000122503
0.00969378	0.0124009	0.0273151	0.0373954	0.00085149	0.00012793
0.00925489	0.0122069	0.0280123	0.0362217	0.000858361	0.000129304
0.00906176	0.0120328	0.0275334	0.0355383	0.000778885	0.00011697
0.00908298	0.0125428	0.0272269	0.035019	0.000765172	0.000118354
0.00892298	0.0131373	0.0270747	0.0356823	0.000721661	0.000119818
0.00920134	0.0122271	0.0277803	0.0353345	0.000723051	0.000125329
0.00883813	0.0131773	0.028759	0.0362311	0.000641721	0.000117052
0.00975164	0.0130082	0.0294821	0.0354526	0.000632025	0.000117042
0.00932043	0.0116313	0.028699	0.0363665	0.000583559	0.00011974
0.00913015	0.011401	0.0277056	0.0375156	0.000575279	0.000123864
0.00930279	0.011603	0.0283557	0.0341745	0.000536858	0.000117008
0.00907914	0.0121767	0.0283223	0.0340423	0.000528642	0.000114264
0.00905142	0.0123469	0.028025	0.034146	0.000478058	0.000118481
0.00909785	0.0126273	0.0272894	0.0348732	0.000497323	0.000115721
0.0093325	0.013673	0.0283708	0.0349318	0.000453194	0.000114332
0.00914598	0.0125854	0.0278773	0.0355357	0.000455922	0.000108815
0.00989502	0.0118955	0.028753	0.0345465	0.000406154	0.000110144
0.00913746	0.0127349	0.0288758	0.0337261	0.000408893	0.000107386
0.00975292	0.0116201	0.0258894	0.0339046	0.000362137	9.91402e-05
0.00938136	0.0121973	0.0272546	0.0314957	0.000358015	0.000101897
0.00902911	0.0125308	0.0269619	0.0321255	0.000365188	9.9221e-05
0.0095292	0.0105767	0.0280515	0.0329746	0.000362479	9.92338e-05
0.00935052	0.0126286	0.0283478	0.0317333	0.000361013	8.26748e-05
0.00867527	0.0132127	0.0295505	0.0317813	0.000365144	8.4052e-05
0.00964131	0.0120623	0.0273912	0.0312761	0.000351169	7.43652e-05
0.00967555	0.0123967	0.0281178	0.0310951	0.000336014	7.7118e-05
0.00957217	0.0123134	0.0261737	0.0302538	0.000326465	7.30069e-05
0.00980429	0.0117784	0.0265392	0.0294377	0.000333376	7.02569e-05
0.00941716	0.0106593	0.0280902	0.0310114	0.000317076	6.0658e-05
0.00971785	0.0108525	0.02878	0.030863	0.000326732	6.20376e-05
0.00996146	0.0114446	0.0285611	0.0313427	0.000307376	5.78914e-05
0.00966132	0.0115357	0.0290336	0.0312759	0.000294939	5.78852e-05
0.0101237	0.0126887	0.027419	0.0313436	0.000270002	6.06127e-05
0.00969443	0.0129011	0.0274483	0.0302582	0.000219013	6.06074e-05
0.0092891	0.0130105	0.0270337	0.0288662	0.000205292	5.64896e-05
0.00947152	0.0120192	0.0264566	0.0298296	0.000210815	5.5115e-05
0.00907716	0.0112144	0.0289247	0.0295535	0.000212347	4.96396e-05
0.0096015	0.0110756	0.0282791	0.0296043	0.00020684	5.10205e-05
0.00995694	0.011286	0.0285004	0.0316163	0.000210941	4.96331e-05
0.00962945	0.01123	0.0283162	0.0315215	0.000209546	4.82506e-05
0.00935527	0.0112663	0.0273438	0.0310171	0.000245249	4.54674e-05
0.00910251	0.0122754	0.0259491	0.0307229	0.000228699	4.27089e-05
0.00959979	0.0122995	0.0245328	0.029957	0.000271484	4.40989e-05
0.00945041	0.0103655	0.0280673	0.0291285	0.000267373	4.68593e-05
0.00991918	0.0102419	0.0276736	0.0310567	0.000302044	5.24095e-05
0.00889525	0.0104097	0.0287933	0.0308637	0.00030483	5.37935e-05
0.00923225	0.0107356	0.0288098	0.0312702	0.000364104	6.48216e-05
0.00893765	0.0106132	0.0282527	0.0325264	0.00039303	6.75736e-05
0.0092486	0.0099295	0.027324	0.0324459	0.000514118	0.000133698
0.00936196	0.0107266	0.0272589	0.0322072	0.000514136	0.000151622
0.0092354	0.00964905	0.0267465	0.0315586	0.000566699	0.000198551
0.00939461	0.0101337	0.0267056	0.0317484	0.00059018	0.000198565
0.00934555	0.0107504	0.027515	0.0323368	0.000721755	0.000240125
0.00938889	0.0103384	0.027979	0.0328494	0.00075216	0.000240139
0.00965389	0.0104749	0.0304865	0.0329938	0.000901085	0.000248385
0.00925866	0.0111049	0.0308751	0.0325088	0.000920347	0.00024147
0.0102117	0.010671	0.0291952	0.0313123	0.000857872	0.000241363
0.00950662	0.0113464	0.0292301	0.0313954	0.000827502	0.000241355
0.00944694	0.010065	0.0269296	0.0312957	0.000768391	0.000222102
0.00937843	0.0102365	0.0260535	0.0314394	0.000771189	0.000217975
0.00933292	0.0106307	0.0275777	0.0323187	0.000735865	0.000207091
0.00902652	0.0103091	0.0293604	0.0318828	0.000740015	0.000208474
0.00933417	0.0109274	0.0295736	0.032292	0.000854585	0.000183618
0.00947458	0.0104092	0.0298236	0.0328442	0.000853168	0.000179469
0.00888469	0.010713	0.0292164	0.0304776	0.000826515	0.000151781
0.00968073	0.0105693	0.0288476	0.0302357	0.000838923	0.000151779
0.00971052	0.0103454	0.0270131	0.0297071	0.000793569	0.000132491
0.00988957	0.0104831	0.028138	0.0285852	0.000766044	0.000129744
0.0101477	0.0108991	0.0280523	0.0315605	0.000748613	0.000121546
0.00990749	0.0101782	0.0288039	0.0311313	0.00074724	0.000114641
0.00933082	0.0106537	0.0309973	0.0307916	0.000722217	0.000109092
0.00896971	0.0106115	0.0300477	0.0311399	0.000712496	0.000115988
0.00962937	0.010209	0.0287487	0.0317212	0.000625122	0.000107637
0.00983107	0.0104783	0.0297057	0.0308608	0.000636177	0.00010488
0.00910879	0.0105816	0.0271676	0.0314315	0.000517623	9.38624e-05
0.00959233	0.0114407	0.025805	0.0308131	0.000507983	9.38665e-05
0.00932011	0.010576	0.0266534	0.0332089	0.000462828	9.1184e-05
0.00900437	0.0110631	0.0272715	0.032193	0.000450426	9.25721e-05
0.00924461	0.00976542	0.029183	0.033337	0.000502845	8.56494e-05
0.00965394	0.0108598	0.0282712	0.0330187	0.000516608	8.70222e-05
0.0097175	0.00988041	0.0284402	0.0331298	0.000433484	8.55924e-05
0.00918584	0.0107555	0.0277246	0.0344158	0.000437618	8.14494e-05
0.00996047	0.0105861	0.0259771	0.0336491	0.000359085	7.73414e-05
0.00912965	0.0109335	0.0266583	0.0329786	0.000346678	8.01088e-05
0.00956309	0.0114096	0.028001	0.0332034	0.000317894	9.2604e-05
0.00892948	0.0106836	0.028761	0.0331828	0.000326216	8.84655e-05
0.0093965	0.0108283	0.0293891	0.0351357	0.000294375	9.12148e-05
0.00920128	0.0114705	0.0298288	0.0343244	0.0002916	9.25932e-05
0.00935756	0.0101974	0.0296088	0.0359632	0.000290093	8.97905e-05
0.00911	0.00991256	0.0292376	0.0364427	0.000302515	8.84063e-05
0.00896665	0.0105115	0.0285512	0.0346589	0.000308146	7.18548e-05
0.00973431	0.00966107	0.0292402	0.03458	0.000291587	7.46242e-05
0.00962636	0.0101796	0.0306384	0.0365387	0.000309814	6.77718e-05
0.00938897	0.0106477	0.0317867	0.036087	0.000305681	7.05418e-05
0.00998509	0.00976105	0.0298308	0.0391452	0.000308404	5.25531e-05
0.00928113	0.0106143	0.0298529	0.0407797	0.000315318	5.94678e-05
0.00927583	0.0101452	0.02869	0.0405602	0.000298552	5.11408e-05
0.00938946	0.0113591	0.0286839	0.0403098	0.000297178	4.97601e-05
0.0088501	0.010728	0.0269845	0.0393719	0.000271034	4.8399e-05
0.00952835	0.0108311	0.0289031	0.0372463	0.000275202	4.97853e-05
0.00888929	0.0101503	0.0288272	0.0406552	0.000195171	5.25994e-05
0.00891724	0.00988343	0.0284073	0.0413291	0.000191024	5.53694e-05
0.00957225	0.0100968	0.0285507	0.0433132	0.000220068	5.53629e-05
0.00907048	0.00973063	0.029942	0.0426689	0.000218666	5.95103e-05
0.00838526	0.0101378	0.0296431	0.043062	0.000231003	6.36295e-05
0.00916901	0.0107403	0.030218	0.0420911	0.000240671	6.22425e-05
0.00844147	0.0105878	0.0276839	0.0419513	0.000240789	6.64247e-05
0.0086137	0.0109664	0.0281025	0.042079	0.000243575	6.50456e-05
0.00866387	0.0105462	0.0301677	0.0420062	0.000224388	7.34109e-05
0.00971252	0.0107209	0.0294658	0.042137	0.000225776	6.92564e-05
0.00943	0.0102305	0.0311097	0.0451973	0.000228514	6.92466e-05
0.00901663	0.0107643	0.031509	0.0447231	0.000213264	7.20112e-05
0.00894112	0.0107933	0.0293358	0.043857	0.000227023	7.75201e-05
0.00945931	0.0099203	0.0309971	0.0431379	0.000222881	7.61396e-05
0.0094189	0.00992017	0.0297273	0.0420943	0.000213248	7.75446e-05
0.00944564	0.010102	0.029129	0.0429395	0.000210488	7.75481e-05
0.00905781	0.0104702	0.0289254	0.0436424	0.000223153	8.03906e-05
0.00895571	0.00999807	0.0292305	0.0442103	0.000216234	8.1781e-05
0.00949861	0.0102276	0.0302545	0.0434672	0.000196791	7.48359e-05
0.00910826	0.0105438	0.0293077	0.0447126	0.000202313	7.75996e-05
0.00910554	0.0106735	0.0305023	0.0424597	0.000203607	8.03349e-05
0.00868534	0.0103169	0.0296487	0.0428284	0.00021052	7.61751e-05
0.00889446	0.0103131	0.0280633	0.0419785	0.000207814	7.20423e-05
0.00958256	0.0104139	0.0271751	0.0423359	0.000210606	7.20493e-05
0.0088082	0.00994389	0.0278418	0.0425614	0.000203842	7.48808e-05
0.0095157	0.0103145	0.0283433	0.0419456	0.000201075	7.34964e-05
0.00874295	0.0102611	0.0302149	0.0433737	0.000199649	7.34818e-05
0.00918845	0.0108049	0.0307594	0.0424904	0.000201015	6.93154e-05
0.00978367	0.00969776	0.0291723	0.0429949	0.00019814	6.92796e-05
0.00905883	0.00995944	0.0284858	0.0433266	0.000187051	6.92783e-05
0.00865868	0.0101665	0.0303774	0.0389571	0.000180158	7.06775e-05
0.00906245	0.0104941	0.0290569	0.039885	0.00018294	7.06813e-05
0.00917312	0.0101191	0.029797	0.0410203	0.000181715	6.93567e-05
0.00931491	0.0104566	0.0295913	0.040883	0.000174785	6.79718e-05
0.00916921	0.00996659	0.0310827	0.040055	0.000170571	6.79509e-05
0.00968615	0.0104572	0.031757	0.0395919	0.000188592	6.65619e-05
0.0095688	0.00986536	0.0303042	0.0389473	0.000210638	6.37458e-05
0.00887172	0.0095258	0.0292149	0.0405546	0.000212023	5.95882e-05
0.00901691	0.0106748	0.0296137	0.0359318	0.000239804	5.12876e-05
0.00921724	0.00993254	0.0295162	0.0372113	0.000235664	5.54504e-05
0.00911929	0.0112808	0.0296193	0.0365701	0.00023863	5.4108e-05
0.00945267	0.0109553	0.029837	0.0369255	0.000215054	5.68853e-05
0.00917281	0.0102894	0.0337756	0.0351863	0.000216386	5.68706e-05
0.0086761	0.0101783	0.0318609	0.0374314	0.000199738	5.54827e-05
0.00935925	0.0105888	0.0308805	0.0345719	0.000209308	5.40597e-05
0.00959445	0.0100324	0.0307017	0.0352272	0.000202368	5.54432e-05
0.00886158	0.0102981	0.0307153	0.0332209	0.000176095	4.57569e-05
0.00893849	0.0113402	0.0293697	0.0345101	0.000174721	4.57602e-05
0.00890386	0.0109497	0.0290614	0.0351671	0.000172109	4.85791e-05
0.00917215	0.010878	0.0296915	0.0358932	0.000179057	4.71933e-05
0.00872922	0.0106763	0.0316431	0.0359147	0.00055373	5.55118e-05
0.00964506	0.0113493	0.0310058	0.0363209	0.00057454	5.82867e-05
0.00955092	0.00992679	0.0296708	0.0365143	0.000696276	7.07372e-05
0.00951464	0.0105729	0.0291195	0.0371002	0.000714292	7.21227e-05
0.00863073	0.0104818	0.028319	0.0346325	0.000808957	6.66037e-05
0.00986333	0.0106918	0.0277333	0.03448	0.00078124	7.07695e-05
0.00868967	0.0100271	0.0309298	0.0359086	0.000922158	8.19388e-05
0.00909436	0.00976102	0.0301344	0.0360121	0.000941658	8.19436e-05
0.00927783	0.0102263	0.0301845	0.0384403	0.000983191	7.91552e-05
0.0101782	0.0106128	0.0300639	0.0380231	0.00101921	8.60911e-05
0.00939252	0.0104918	0.0288091	0.0379268	0.00124225	0.000108263
0.00979244	0.0100048	0.0299728	0.0363465	0.00125476	0.000111041
0.00914469	0.0106084	0.027266	0.037287	0.00145537	0.000141649
0.0096652	0.010193	0.0281289	0.0369997	0.00149582	0.000138888
0.00907941	0.0100956	0.0275218	0.0377203	0.00178224	0.00020436
0.00887768	0.00968537	0.0300056	0.0369913	0.00180723	0.000211307
0.00927904	0.0106052	0.0295984	0.0376945	0.0020393	0.0002391
0.0101629	0.0103269	0.0290026	0.0379158	0.00205176	0.000240484
0.00878561	0.0107284	0.0279286	0.0388279	0.00229299	0.00026682
0.00994659	0.0106832	0.0274494	0.0384369	0.00230841	0.000266836
0.0092508	0.0110554	0.0259659	0.0375454	0.00245798	0.000311419
0.0096366	0.0105973	0.0268006	0.0363635	0.00247206	0.000319783
0.0064959	0.0129501	0.0287904	0.0380778	0.00260504	0.000333979
0.00607025	0.0124884	0.0284572	0.0372022	0.00257311	0.000338164
0.00633065	0.0138829	0.0288942	0.038603	0.00257956	0.000358969
0.00675042	0.0139627	0.0292347	0.038104	0.00258636	0.000361729
0.00650847	0.0132687	0.0285622	0.0376573	0.00277723	0.000372707
0.00668004	0.0136619	0.028709	0.0373111	0.00278856	0.000374127
0.00656998	0.0128881	0.0266486	0.0361989	0.00290515	0.000332534
0.00626867	0.0131371	0.0276489	0.0360424	0.00291796	0.000332567
0.00674756	0.0127819	0.027677	0.0369904	0.0031119	0.000339885
0.00729396	0.0127435	0.0278789	0.0366871	0.00312598	0.000332937
0.00753317	0.0158157	0.0305408	0.0384654	0.00328462	0.000331526
0.00792567	0.0159502	0.0314924	0.0387425	0.0033207	0.000327335
0.00724952	0.0152175	0.0308303	0.037736	0.00341801	0.000314652
0.0074974	0.0154041	0.0299771	0.0380049	0.00346537	0.000300731
0.00781958	0.0148773	0.0292197	0.0373875	0.00335125	0.000256288
0.00815759	0.0154459	0.029223	0.037226	0.00333492	0.00024796
0.00728919	0.0156896	0.0282812	0.0379587	0.00327651	0.000241207
0.00733166	0.0150565	0.0280243	0.0395907	0.00326843	0.000246805
0.00729566	0.0152424	0.0301962	0.0388093	0.00309644	0.000276044
0.00751551	0.0152959	0.0313418	0.0391208	0.00309487	0.000269058
0.00710692	0.0134866	0.0293779	0.039497	0.0030303	0.000298154
0.00696739	0.0142134	0.0291541	0.0393872	0.00298981	0.000293965
0.00754303	0.0140923	0.0280564	0.0368663	0.00276801	0.000267602
0.00686761	0.0133937	0.0284935	0.0370547	0.00270829	0.00026623
0.00696868	0.012619	0.02789	0.0378875	0.00260192	0.000276236
0.00648911	0.0129573	0.0280995	0.0390756	0.00258393	0.000281832
0.00766112	0.0129592	0.0302037	0.0384744	0.0026016	0.000260858
0.00678331	0.0135206	0.0292827	0.0408895	0.00258332	0.000266422
0.0060424	0.0136811	0.0278363	0.0399657	0.00240357	0.000248165
0.00686046	0.0136679	0.0283034	0.0393406	0.00240904	0.000243971
0.00632831	0.0123749	0.0278262	0.0374162	0.00211269	0.000230095
0.00649995	0.013792	0.0274711	0.0385716	0.00210994	0.000231494
0.00715413	0.0130954	0.0280848	0.0384405	0.00201114	0.000221909
0.00654169	0.0130317	0.0274801	0.0390868	0.0020489	0.000228896
0.00669174	0.0129481	0.0300354	0.0392684	0.0018896	0.000217708
0.00640518	0.0138807	0.0287508	0.0389349	0.00186574	0.000219088
0.0064611	0.0131955	0.0284369	0.0392686	0.00161771	0.000232895
0.0059911	0.0129166	0.0292819	0.0386423	0.00160655	0.000224527
0.00632584	0.0135442	0.0269169	0.037644	0.00148523	0.000216161
0.00689689	0.0123405	0.0265652	0.0381163	0.00149932	0.000213392
0.00662012	0.0143262	0.0277143	0.0393885	0.00153116	0.000219135
0.00685356	0.0140128	0.027953	0.0392705	0.00151727	0.000214959
0.00604732	0.014096	0.028312	0.0398135	0.0015045	0.000205159
0.00689762	0.0132273	0.029819	0.0398884	0.00148334	0.000209315
0.00677889	0.0128786	0.0289341	0.0396776	0.00144475	0.000191053
0.00651837	0.0136741	0.026927	0.0402719	0.00144341	0.000191061
0.00607756	0.0123797	0.0274125	0.0379175	0.00123169	0.000179942
0.00658439	0.0122662	0.028345	0.0368391	0.00123318	0.0001674
0.00619148	0.013155	0.0273598	0.0387069	0.00119502	0.000174506
0.00673774	0.0130064	0.028685	0.0383671	0.00117275	0.000182893
0.00646621	0.0128473	0.0282646	0.0402114	0.00109027	0.000174498
0.00681928	0.013633	0.0270091	0.0409646	0.00105954	0.000167516
0.00633376	0.0129005	0.0282187	0.0390991	0.00100587	0.000174388
0.00677003	0.0127337	0.0278125	0.0388694	0.000958378	0.000174377
0.0068128	0.0123976	0.0276099	0.0362661	0.000849856	0.000159086
0.00659956	0.0134001	0.0262336	0.0368928	0.00084989	0.000152115
0.00632733	0.0130611	0.0283962	0.0367655	0.000850628	0.000153644
0.00609416	0.0128518	0.0303493	0.0362744	0.000847847	0.00016063
0.00643941	0.013457	0.0297406	0.0377078	0.000821161	0.000139653
0.00638313	0.013579	0.0292945	0.0380419	0.000826693	0.000142437
0.00647434	0.0125593	0.029025	0.0361553	0.000739685	0.000142355
0.00612557	0.0132393	0.0290689	0.0358462	0.000734119	0.000135379
0.00696882	0.0131964	0.0260661	0.0341335	0.000692414	0.000113076
0.0063146	0.0130536	0.0264479	0.0344672	0.000684094	0.000114481
0.00671599	0.0135759	0.0279314	0.0333676	0.000644076	0.00010199
0.00669754	0.0144049	0.0274145	0.0344026	0.000625755	9.63775e-05
0.0075659	0.0138985	0.0286029	0.0341324	0.000639686	9.77686e-05
0.00641148	0.0136382	0.0281391	0.0324148	0.000469031	7.53799e-05
0.00631493	0.0141695	0.0282915	0.0324526	0.00045645	7.81688e-05
0.00647784	0.0131582	0.025586	0.0313293	0.000439862	5.86482e-05
0.00687887	0.013343	0.0255758	0.0310457	0.000459429	5.86505e-05
0.00639353	0.0138589	0.0270233	0.0318153	0.000406671	6.00922e-05
0.00681297	0.0140047	0.0265294	0.0312852	0.000429042	5.03112e-05
0.00698173	0.0150088	0.0276251	0.0305304	0.000434611	5.03087e-05
0.00687544	0.0126978	0.02627	0.0301776	0.000434341	4.88808e-05
0.00648004	0.0132617	0.026212	0.02948	0.000421761	5.44659e-05
0.00637422	0.0134888	0.0260012	0.0268659	0.000382761	4.88928e-05
0.0072816	0.0126729	0.0261702	0.0267066	0.000361845	4.88979e-05
0.00655193	0.0141329	0.0260162	0.0281386	0.000370521	4.61404e-05
0.0072954	0.0144971	0.0275909	0.028779	0.000350861	4.19356e-05
0.00721719	0.01366	0.0274346	0.0289652	0.000348069	4.1936e-05
0.00668282	0.0133181	0.0264812	0.0279063	0.000299001	3.77245e-05
0.00695771	0.0136066	0.0263834	0.0283436	0.000294794	4.05168e-05
0.00622193	0.0130783	0.0261427	0.0259764	0.00029209	3.91316e-05
0.00685956	0.0131587	0.025599	0.0265675	0.000283718	3.7736e-05
0.00657978	0.0130127	0.0260561	0.0292201	0.000370672	3.21715e-05
0.00641419	0.0143711	0.0273575	0.0299352	0.00050631	4.89526e-05
0.00650288	0.0137316	0.0282141	0.0298517	0.000499253	5.45403e-05
0.0063229	0.0138044	0.0279275	0.0293517	0.000458424	6.28935e-05
0.006654	0.0131808	0.0277509	0.0302093	0.000458415	6.56875e-05
0.00628563	0.0126705	0.0257731	0.0286754	0.000459958	6.57083e-05
0.006699	0.013082	0.0245029	0.0290738	0.000436253	6.57176e-05
0.00721262	0.0128453	0.0278121	0.0293948	0.0004828	5.3178e-05
0.00684198	0.0138379	0.0289126	0.0301901	0.000500906	6.15639e-05
0.00699127	0.0137517	0.0291669	0.0297559	0.000481288	5.45646e-05
0.00630011	0.0131147	0.0279059	0.0302548	0.00047118	5.87227e-05
0.00672389	0.0132394	0.0264859	0.0306777	0.000469791	6.15203e-05
0.00670176	0.0130412	0.0269553	0.0284297	0.00043923	4.19647e-05
0.00607687	0.0126056	0.0261806	0.0303578	0.00043646	5.03608e-05
0.00614443	0.0133332	0.0283184	0.0297562	0.000414389	2.37994e-05
0.00657263	0.0131145	0.0273234	0.0322109	0.000398893	2.09943e-05
0.00718265	0.0139538	0.0270525	0.0326956	0.000390483	1.81945e-05
0.0066996	0.0127893	0.026811	0.031061	0.000393107	8.39373e-06
0.00668722	0.0130736	0.026935	0.0280502	0.000349823	1.39929e-05
0.0069393	0.0122988	0.0269582	0.0284863	0.000342837	1.81914e-05
0.0063882	0.0135634	0.0268691	0.030783	0.00036688	0
0.00722949	0.0136736	0.0287443	0.0300533	0.000314995	0
0.00703012	0.0134681	0.02884	0.0304876	0.000317769	0
0.00669658	0.0125732	0.0299499	0.028457	0.000310623	0
0.00696068	0.0130553	0.0289732	0.0287633	0.000313406	0
0.00673051	0.0132749	0.0268366	0.0272957	0.000232328	0
0.00635053	0.0130034	0.0278754	0.0266031	0.000229554	0
0.00665773	0.0137959	0.0295347	0.0266197	0.000231123	0
0.00698265	0.0138168	0.0316992	0.026589	0.00027869	0
0.0068841	0.0143648	0.0293373	0.0286091	0.000273068	1.40035e-06
0.00637247	0.0143489	0.0294326	0.0272086	0.000243534	2.79924e-06
0.00650249	0.013646	0.0291283	0.02815	0.000215537	6.99795e-06
0.00692068	0.0122102	0.0285984	0.0259172	0.000172212	9.80068e-06
0.00683733	0.0135066	0.0293964	0.0253778	0.000170828	1.12018e-05
0.00684306	0.0133189	0.0290301	0.0282621	0.000175176	1.82183e-05
0.00689373	0.0142414	0.0307345	0.0288065	0.000140116	1.26105e-05
0.00678988	0.0141977	0.0307772	0.0292991	0.0001233	1.68136e-05
0.00689766	0.0132981	0.0298707	0.0281621	9.80378e-05	1.54059e-05
0.00705598	0.0143038	0.0301259	0.0282379	0.000105041	1.96077e-05
0.00648226	0.0120929	0.0297069	0.028108	7.14646e-05	2.1019e-05
0.00664806	0.0124427	0.0296346	0.0273714	7.14694e-05	1.96191e-05
0.00676446	0.0130843	0.0301967	0.028257	8.97627e-05	1.96356e-05
0.00666244	0.0138998	0.0306394	0.0315004	9.11511e-05	1.82302e-05
0.00718386	0.0120722	0.0325216	0.0304869	8.97457e-05	1.96319e-05
0.00663563	0.0131325	0.0311471	0.0306649	8.55035e-05	1.96238e-05
0.0062963	0.0132752	0.0308059	0.0310428	8.26985e-05	2.1025e-05
0.00686964	0.0127785	0.0300088	0.0308559	0.000158487	1.8233e-05
0.00636676	0.0132581	0.0296568	0.0300215	0.000164113	1.82348e-05
0.00647186	0.0130265	0.0303714	0.032897	0.000216196	1.82504e-05
0.00670423	0.0131811	0.0322606	0.0343648	0.000240038	1.12299e-05
0.00703475	0.0131347	0.0321659	0.0348664	0.000251241	1.40358e-05
0.00648041	0.013125	0.0308756	0.0363473	0.000274986	1.82389e-05
0.00648465	0.0126522	0.031761	0.0349879	0.000296032	1.9642e-05
0.00665301	0.0134001	0.0289944	0.034259	0.000373433	2.24622e-05
0.00602726	0.0133827	0.0295593	0.0346023	0.000376265	2.94834e-05
0.00697669	0.0134756	0.0291363	0.0368338	0.00036675	4.075e-05
0.0074058	0.0140852	0.0303679	0.0368745	0.000344227	4.21503e-05
0.00681385	0.0135069	0.0286603	0.038107	0.00033437	4.07426e-05
0.00674724	0.0131069	0.0286684	0.0386846	0.00034684	7.44233e-05
0.00650844	0.0133398	0.029064	0.0383991	0.00034824	7.58265e-05
0.00632846	0.0128747	0.0281444	0.0367219	0.000363834	7.58572e-05
0.00666776	0.0132007	0.028874	0.0366362	0.000376519	7.44609e-05
0.00598534	0.0132333	0.0305074	0.038575	0.00044992	9.42019e-05
0.0066043	0.0133014	0.0301813	0.0403162	0.000435881	9.28005e-05
0.00671923	0.0139488	0.0307125	0.040328	0.000458353	9.42014e-05
0.00709861	0.0130181	0.0295103	0.0398272	0.000500318	0.000106809
0.00663098	0.0133097	0.0300277	0.0404984	0.000493318	0.000106815
0.006664	0.0132282	0.0287958	0.0377753	0.000507533	0.000112473
0.00672781	0.0143105	0.0273021	0.0381917	0.00051601	0.000113888
0.0063343	0.0132104	0.0318896	0.0388389	0.000558702	0.00010977
0.00644257	0.0131834	0.0307186	0.0408644	0.0006247	9.98957e-05
0.00692454	0.0141037	0.0305442	0.0416626	0.00062183	9.98867e-05
0.00605122	0.0140783	0.0294334	0.0409213	0.000614544	0.000108284
0.00643929	0.0126916	0.0285725	0.041932	0.000641257	0.000102657
0.00671288	0.0129883	0.0268178	0.0405741	0.000621772	0.000101284
0.00675756	0.0117002	0.0280095	0.0400839	0.000595138	9.98931e-05
0.00634491	0.0131249	0.0282409	0.0414095	0.000581546	0.000107016
0.0133321	0.0237699	0.049375	0.0512384	0.000574636	0.00010704
0.00672744	0.0123707	0.0302509	0.0436312	0.000551937	0.000102784
0.00674598	0.0136567	0.0304892	0.0422159	0.000563103	0.000105582
0.0062786	0.0127359	0.0297087	0.0426613	0.000593808	0.000108349
0.00652178	0.01234	0.0292446	0.0427229	0.000585342	0.000108344
0.0064202	0.013136	0.0273911	0.0395445	0.000572905	0.00011261
0.00699372	0.0122418	0.028652	0.0391355	0.00060111	0.000111212
0.00645105	0.0125893	0.0294038	0.040897	0.000586075	0.000115524
0.00635425	0.0129889	0.0279784	0.0410124	0.000611473	0.000109896
0.00672693	0.0131553	0.0312881	0.0408531	0.000569029	0.000115496
0.00636033	0.0138699	0.0302397	0.0408999	0.000553501	0.000116897
0.00671759	0.0135633	0.0294943	0.0393046	0.000554637	0.000112617
0.00670236	0.0131738	0.0294251	0.0394441	0.000541989	0.000114029
0.00623471	0.012868	0.0291033	0.0381688	0.000563335	0.000114075
0.00655659	0.0120871	0.0309028	0.0401175	0.000532758	0.00012121
0.00629983	0.0133956	0.0306948	0.0406136	0.000546587	0.000116924
0.00650827	0.01288	0.0301532	0.0394256	0.000443554	0.000119689
