0.000740051	0.00152016	0.0043602	0.00843716	0.000108719	3.33786e-05
0.000551224	0.00166416	0.00469398	0.00794697	0.000134468	3.8147e-05
0.000588417	0.00163364	0.00498295	0.00930691	0.000294685	4.95911e-05
0.000477791	0.00177765	0.00467777	0.00939465	0.000288963	5.43594e-05
0.00060463	0.00151062	0.00477982	0.0107031	0.000295639	5.24521e-05
0.00073719	0.00147438	0.00475883	0.0109358	0.000295639	5.34058e-05
0.00104141	0.00128365	0.00446606	0.0128231	0.000406265	6.29425e-05
0.00119019	0.00131893	0.00454521	0.0127048	0.000429153	7.72476e-05
0.000679016	0.00127411	0.00497532	0.0151796	0.000793457	0.000196457
0.000624657	0.00118065	0.00505066	0.0158501	0.000819206	0.000208855
0.00056839	0.00151443	0.00498772	0.0187531	0.00142002	0.000273705
0.000576019	0.00161457	0.00455761	0.019228	0.00145245	0.000274658
0.000628471	0.00126457	0.00400257	0.0217428	0.00147438	0.000243187
0.00070858	0.00125217	0.00426769	0.021656	0.00145626	0.000242233
0.000602722	0.00121498	0.00422955	0.0229292	0.00176525	0.000247955
0.000491142	0.0013504	0.00391388	0.0230484	0.00181961	0.00024128
0.000617027	0.00137615	0.00390625	0.0234776	0.00196457	0.000260353
0.00056839	0.0012989	0.00403404	0.0236225	0.00192547	0.000261307
0.000551224	0.00130367	0.00354671	0.0234728	0.00163078	0.000177383
0.000608444	0.00127602	0.00357819	0.0233994	0.0016098	0.000169754
0.000517845	0.00137234	0.00378799	0.0221596	0.00123787	6.67572e-05
0.000647545	0.00140762	0.00364208	0.0223494	0.00121021	6.58035e-05
0.000540733	0.00144386	0.00349712	0.0207834	0.000873566	5.43594e-05
0.00067997	0.00118351	0.00365162	0.0206194	0.000850677	5.43594e-05
0.000597	0.00148392	0.00408268	0.0185099	0.00073719	7.15256e-05
0.000518799	0.00141239	0.00413704	0.0184345	0.000746727	7.05719e-05
0.000496864	0.00133991	0.00487328	0.0180588	0.000417709	6.67572e-05
0.000448227	0.00144482	0.00460339	0.0182438	0.000396729	6.19888e-05
0.000656128	0.0013237	0.00475407	0.017766	0.000318527	6.00815e-05
0.000636101	0.00144958	0.00473785	0.0179806	0.000349998	6.10352e-05
0.000658035	0.00152779	0.00395203	0.0197515	0.000667572	0.000138283
0.000564575	0.00157738	0.00415611	0.0197515	0.000679016	0.000148773
0.000567436	0.00130749	0.00438023	0.0205154	0.000863075	0.000144958
0.000449181	0.00119686	0.00401974	0.0210752	0.000897408	0.000152588
0.000675201	0.00137997	0.0035305	0.0234566	0.00147438	0.000247002
0.000694275	0.00131226	0.00352478	0.0234613	0.00147057	0.000247002
0.000517845	0.00101089	0.00380898	0.0241108	0.00154495	0.000228882
0.000486374	0.0013504	0.00394917	0.0238333	0.00154305	0.000228882
0.000813484	0.00110912	0.00360489	0.0238352	0.00174236	0.000254631
0.00056076	0.00118065	0.00398922	0.0229044	0.00162125	0.000210762
0.000647545	0.00126457	0.00361538	0.023447	0.00160408	0.00020504
0.000656128	0.00124359	0.00355339	0.0234528	0.0012598	0.000124931
0.000490189	0.00130463	0.00364399	0.0235081	0.00118828	0.000123024
0.000890732	0.000966072	0.00348473	0.0218153	0.000542641	3.8147e-05
0.000814438	0.00108814	0.00367641	0.0215092	0.000502586	4.1008e-05
0.000906944	0.00112247	0.00327492	0.0196085	0.000103951	0
0.000964165	0.00118732	0.00371361	0.0187178	9.05991e-05	0
0.00100422	0.00120449	0.00377655	0.0150003	4.19617e-05	0
0.000963211	0.000953674	0.00378323	0.0149355	4.19617e-05	0
0.00116158	0.00137806	0.00383949	0.0129604	1.04904e-05	0
0.000929832	0.00109577	0.00417709	0.0127964	2.38419e-05	0
0.000988007	0.00116062	0.00415611	0.011199	0.000146866	3.8147e-05
0.0010376	0.00132465	0.00433731	0.0109043	0.000154495	4.00543e-05
0.00106049	0.00145721	0.00451469	0.00995636	0.000165939	4.19617e-05
0.00100517	0.00132275	0.00441933	0.0101061	0.000174522	4.00543e-05
0.000888824	0.00135517	0.00451088	0.0107231	0.000270844	7.34329e-05
0.000993729	0.00129604	0.00438404	0.0111151	0.000268936	7.34329e-05
0.000789642	0.00124931	0.004879	0.0121336	0.000256538	7.24792e-05
0.00102901	0.00116253	0.00456524	0.0123253	0.000263214	7.05719e-05
0.000862122	0.0011816	0.00500774	0.0140419	0.000465393	0.000125885
0.000789642	0.00127983	0.00464725	0.0144567	0.000454903	0.000123978
0.000777245	0.000946045	0.00467777	0.0162525	0.000461578	0.000123024
0.000916481	0.00108337	0.0042572	0.0162992	0.000460625	0.000125885
0.000905991	0.00102806	0.00419235	0.0171347	0.000393867	9.63211e-05
0.000799179	0.00115585	0.00379944	0.0175085	0.000375748	8.96454e-05
0.000892639	0.000953674	0.00410843	0.0185232	0.000377655	9.72748e-05
0.000786781	0.0010128	0.0042448	0.0186253	0.000392914	0.000109673
0.00091362	0.00112057	0.00432873	0.0188141	0.000413895	0.000107765
0.000768661	0.00106621	0.00454712	0.0182219	0.000415802	0.000103951
0.000864983	0.00105	0.00439072	0.0166531	0.000235558	5.34058e-05
0.000987053	0.000989914	0.00401402	0.0167713	0.000226974	5.14984e-05
0.00118542	0.00115776	0.00388432	0.0143194	0.000244141	4.95911e-05
0.00111103	0.00108528	0.0043211	0.0138836	0.000253677	4.76837e-05
0.00102329	0.00132084	0.00398445	0.0124598	0.000291824	4.673e-05
0.00079155	0.00115776	0.00438595	0.0122099	0.000277519	4.48227e-05
0.00109863	0.00136471	0.00475788	0.0102491	0.000191689	3.05176e-05
0.00104618	0.00130367	0.00420666	0.0103674	0.00018692	2.95639e-05
0.00100422	0.00129318	0.0045042	0.00926018	4.95911e-05	0
0.00106239	0.00120163	0.00404739	0.00923443	4.673e-05	0
0.00111675	0.00154591	0.00405407	0.00810242	0	0
0.000951767	0.00117874	0.00426102	0.00809574	2.86102e-06	0
0.00121307	0.00139523	0.00439358	0.00667763	2.57492e-05	0
0.00105286	0.00122356	0.0047369	0.0065279	2.67029e-05	0
0.00113297	0.00127602	0.0047102	0.00613308	2.67029e-05	0
0.000869751	0.00129128	0.00471306	0.00652981	2.67029e-05	0
0.00118732	0.00124073	0.00461674	0.0066061	3.14713e-05	0
0.00110054	0.00127697	0.00429153	0.00681877	3.14713e-05	0
0.00107384	0.00106049	0.00426865	0.00640297	9.53674e-05	0
0.00108433	0.00129032	0.00394917	0.00646973	0.000102997	5.72205e-06
0.000714302	0.00148487	0.00411701	0.00737953	0.00014782	3.05176e-05
0.000968933	0.00135326	0.0043993	0.00725269	0.000156403	2.76566e-05
0.000992775	0.00136566	0.00466442	0.00749111	0.00014782	2.67029e-05
0.000948906	0.00113392	0.00513935	0.00744724	0.000139236	2.67029e-05
0.00104332	0.001091	0.00481987	0.0089426	0.000120163	2.57492e-05
0.00112438	0.00137901	0.00475788	0.00875473	0.000120163	2.38419e-05
0.00105858	0.00119781	0.00506973	0.00913048	9.82285e-05	2.57492e-05
0.00097847	0.0014677	0.00445938	0.00937366	9.82285e-05	2.67029e-05
0.000957489	0.00121498	0.00467777	0.0100718	8.96454e-05	2.67029e-05
0.000980377	0.00100803	0.00499916	0.0101309	8.7738e-05	2.57492e-05
0.00096035	0.00108528	0.00430489	0.0124874	7.72476e-05	2.47955e-05
0.00105095	0.00110054	0.0046339	0.012311	8.2016e-05	2.19345e-05
0.00106621	0.000950813	0.00426006	0.0139427	8.01086e-05	2.19345e-05
0.000950813	0.00104427	0.00453281	0.0136814	7.62939e-05	2.28882e-05
0.000839233	0.000989914	0.00476933	0.0140104	7.24792e-05	2.09808e-05
0.000883102	0.000834465	0.00387669	0.0149174	6.86646e-05	2.09808e-05
0.000821114	0.00110149	0.00436878	0.0150442	7.62939e-05	1.71661e-05
0.00094223	0.000881195	0.00453377	0.0151806	7.43866e-05	1.81198e-05
0.000896454	0.00114441	0.00404358	0.0161028	9.63211e-05	1.43051e-05
0.00099659	0.00122261	0.00373077	0.0162487	9.53674e-05	1.43051e-05
0.000865936	0.00118542	0.00376225	0.0170059	0.000103951	1.71661e-05
0.000789642	0.00112724	0.00400543	0.0170412	9.91821e-05	1.62125e-05
0.00084877	0.000887871	0.00411701	0.0159483	9.05991e-05	1.14441e-05
0.000962257	0.000965118	0.0041647	0.0156765	9.72748e-05	1.04904e-05
0.00107002	0.00112247	0.0038538	0.0154161	8.29697e-05	5.72205e-06
0.00102329	0.00111294	0.00423336	0.0148497	8.39233e-05	2.86102e-06
0.000923157	0.00131416	0.00402069	0.0138111	7.24792e-05	0
0.000967979	0.00131321	0.00399017	0.0135593	6.58035e-05	0
0.00109196	0.00111389	0.0042038	0.012331	9.53674e-06	0
0.00090313	0.00133705	0.00407124	0.0124063	9.53674e-07	0
0.00106144	0.00124931	0.00421906	0.0111208	0	0
0.00084877	0.00154305	0.00411892	0.0107136	0	0
0.000824928	0.00121784	0.00418663	0.00998592	7.62939e-06	0
0.000986099	0.00124454	0.00401115	0.0098896	8.58307e-06	0
0.000894547	0.00115585	0.00487137	0.00958538	2.19345e-05	0
0.00102139	0.00102234	0.00468731	0.00973988	1.71661e-05	0
0.00129604	0.0011797	0.00393867	0.0105953	0.000105858	3.33786e-05
0.000953674	0.00126266	0.00397968	0.0106068	0.00011158	3.43323e-05
0.000992775	0.0010376	0.00395489	0.0115519	0.000115395	3.33786e-05
0.000941277	0.00126648	0.0040741	0.0115271	0.000118256	3.52859e-05
0.0011797	0.00134945	0.0042963	0.0136709	0.000138283	3.71933e-05
0.000987053	0.0013237	0.00449467	0.0138521	0.000153542	3.71933e-05
0.00104046	0.000994682	0.00374699	0.0168562	0.000199318	3.71933e-05
0.000890732	0.00102329	0.00384235	0.0170984	0.000205994	3.71933e-05
0.000882149	0.00134563	0.00376034	0.0175676	0.000283241	3.33786e-05
0.000829697	0.00107002	0.00381374	0.0177193	0.000292778	3.24249e-05
0.000932693	0.00117874	0.0037756	0.017458	0.000261307	3.62396e-05
0.000974655	0.000975609	0.00357819	0.0176277	0.000264168	3.62396e-05
0.000907898	0.00102425	0.00389004	0.0170002	0.000305176	7.15256e-05
0.000904083	0.000984192	0.00387764	0.0168514	0.000326157	7.24792e-05
0.000905991	0.00140285	0.00370121	0.0165272	0.000350952	6.29425e-05
0.00096035	0.00139999	0.00310802	0.017128	0.000353813	6.19888e-05
0.000852585	0.000985146	0.00397491	0.0166054	0.00033474	7.05719e-05
0.00069809	0.00104618	0.00405216	0.0163946	0.000342369	7.15256e-05
0.000839233	0.000944138	0.00400066	0.0162621	0.000304222	7.62939e-05
0.000823975	0.00113487	0.00418282	0.0156412	0.000301361	7.53403e-05
0.00086689	0.00128651	0.00423241	0.0152493	0.00028801	7.34329e-05
0.000896454	0.000875473	0.00428486	0.0155888	0.000273705	7.34329e-05
0.00104809	0.00111294	0.00475788	0.0137081	5.81741e-05	0
0.000870705	0.00116634	0.00462818	0.0138512	5.43594e-05	0
0.000951767	0.00130844	0.00461578	0.0128765	0.000216484	4.1008e-05
0.000844955	0.00118732	0.00512505	0.0123959	0.00021553	4.1008e-05
0.000962257	0.00137234	0.0045042	0.0118837	0.000190735	4.00543e-05
0.00100708	0.00118637	0.0043211	0.0120649	0.000183105	4.00543e-05
0.000928879	0.00120354	0.00462914	0.0121889	0.000193596	4.29153e-05
0.000939369	0.00117302	0.00457191	0.0124054	0.000193596	4.3869e-05
0.00106144	0.00113773	0.00427055	0.0132332	0.000255585	4.57764e-05
0.000946999	0.0013485	0.00405788	0.0136833	0.000273705	4.29153e-05
0.000774384	0.00120544	0.00403404	0.0145807	0.000427246	8.29697e-05
0.00106239	0.00122833	0.00382996	0.0146904	0.000424385	8.29697e-05
0.000947952	0.00116444	0.0034914	0.0145264	0.000300407	3.91006e-05
0.000930786	0.00111198	0.00390053	0.0143843	0.000286102	3.91006e-05
0.00102806	0.0012207	0.00394344	0.0136948	0.000257492	3.91006e-05
0.00110435	0.00112057	0.00343704	0.0141315	0.000255585	3.71933e-05
0.000921249	0.00138283	0.00364017	0.0138578	0.000371933	6.86646e-05
0.000851631	0.0014286	0.00372982	0.0136147	0.000392914	6.86646e-05
0.00102425	0.00158405	0.003479	0.012373	0.000371933	6.58035e-05
0.00111866	0.00151634	0.00345325	0.0122948	0.000386238	6.67572e-05
0.00109005	0.0013876	0.00356674	0.010849	0.000292778	6.29425e-05
0.00106621	0.0011301	0.004035	0.0106516	0.000279427	6.00815e-05
0.00112057	0.00136089	0.00379086	0.00990391	0.000179291	3.71933e-05
0.00116348	0.0013361	0.00364494	0.0101109	0.000179291	3.52859e-05
0.00110245	0.00163364	0.00348759	0.00957203	0.000155449	3.52859e-05
0.00107098	0.00159931	0.00352669	0.00964928	0.00014782	3.52859e-05
0.00109959	0.00145531	0.00370502	0.00940418	0.000117302	2.00272e-05
0.00111485	0.00148296	0.00326347	0.0095911	0.000151634	3.14713e-05
0.00106812	0.00147533	0.00379086	0.00945568	0.000362396	8.96454e-05
0.00105381	0.001544	0.00349331	0.00958824	0.000369072	9.05991e-05
0.00103378	0.00184345	0.00385952	0.00931644	0.000422478	0.000108719
0.00120068	0.00149632	0.00391579	0.00963879	0.000444412	0.000108719
0.00106049	0.00140381	0.00404167	0.0100584	0.000523567	0.000101089
0.00102234	0.00158882	0.00393772	0.0102854	0.000526428	9.91821e-05
0.00114727	0.00129128	0.0035162	0.0117846	0.000495911	9.63211e-05
0.00107765	0.00125027	0.00367546	0.0116787	0.000495911	9.44138e-05
0.000939369	0.00161457	0.00344563	0.0116339	0.000432968	8.86917e-05
0.000990868	0.00143623	0.00365067	0.0117989	0.000421524	8.01086e-05
0.000911713	0.00178242	0.00415134	0.0103569	0.000318527	4.57764e-05
0.0011816	0.00165749	0.00399113	0.0101891	0.000313759	4.673e-05
0.00102997	0.00161457	0.00397873	0.0097971	0.000245094	3.05176e-05
0.00121117	0.00144863	0.00387287	0.00969219	0.000247002	2.95639e-05
0.00097847	0.00162315	0.0037117	0.00937843	0.000165939	6.67572e-06
0.00110435	0.00170612	0.00382328	0.00936031	0.0001688	4.76837e-06
0.00110626	0.00136089	0.00456905	0.00784492	0.00026989	1.81198e-05
0.0010643	0.00143909	0.00407696	0.00835323	0.000279427	2.09808e-05
0.00106144	0.00149632	0.00440311	0.0082016	0.000311852	4.00543e-05
0.0011425	0.00141811	0.00435257	0.00851536	0.000320435	4.00543e-05
0.00112724	0.00149155	0.00463867	0.0082407	0.00031662	4.19617e-05
0.000928879	0.00149632	0.00414181	0.00895691	0.000309944	3.91006e-05
0.00106239	0.00135994	0.00406551	0.00937271	0.000282288	5.05447e-05
0.00101089	0.00150204	0.0036974	0.00952625	0.000276566	5.24521e-05
0.000966072	0.00130844	0.00387955	0.00997734	0.000260353	5.24521e-05
0.000935555	0.00154209	0.00401974	0.00977135	0.000252724	5.24521e-05
0.00109768	0.00151443	0.00386143	0.0105152	0.000221252	4.00543e-05
0.00105286	0.00166702	0.00404549	0.0105619	0.000212669	3.8147e-05
0.00126076	0.00150299	0.00476074	0.0101748	0.000197411	3.71933e-05
0.00110054	0.00128841	0.0048666	0.0103512	0.000191689	3.8147e-05
0.00106335	0.0014286	0.00422001	0.00964165	0.000196457	4.1008e-05
0.000946045	0.00145531	0.00422859	0.00966549	0.000183105	4.1008e-05
0.00102615	0.00145054	0.00468922	0.00819683	0.000166893	1.33514e-05
0.00102425	0.00161076	0.00415516	0.00832272	0.000159264	1.23978e-05
0.00126648	0.00150776	0.00441265	0.0080719	0.000231743	3.62396e-05
0.00103569	0.00157642	0.004632	0.00808811	0.000222206	3.91006e-05
0.00097084	0.00156212	0.00435734	0.00828743	0.000226974	2.95639e-05
0.000927925	0.00159168	0.0042572	0.00819588	0.000226974	3.14713e-05
0.000972748	0.00148487	0.00393486	0.0103178	0.000324249	3.52859e-05
0.00101185	0.00151825	0.0038147	0.0106287	0.00034523	4.673e-05
0.000926018	0.0014019	0.00383377	0.0127115	0.000419617	7.15256e-05
0.000990868	0.00151443	0.00377941	0.0125132	0.000406265	7.34329e-05
0.000932693	0.00152016	0.00461864	0.0134859	0.000308037	5.62668e-05
0.00101566	0.00138474	0.00420666	0.0137119	0.00030899	5.62668e-05
0.0011034	0.00133801	0.00475311	0.0133905	0.000185966	4.29153e-05
0.000869751	0.00165367	0.00453472	0.013649	0.000178337	4.1008e-05
0.000914574	0.00133896	0.00468445	0.012784	0.000202179	4.48227e-05
0.00105858	0.00152874	0.00502205	0.0120182	0.000192642	4.57764e-05
0.00093174	0.00150871	0.00507641	0.0103807	8.7738e-05	0
0.00102711	0.00162601	0.00497341	0.0105181	9.25064e-05	0
0.00108624	0.00149345	0.00514126	0.0107012	0.000170708	0
0.000977516	0.00162506	0.0053587	0.0106211	0.000178337	0
0.000981331	0.00146198	0.00479317	0.0112	0.000206947	7.62939e-06
0.000801086	0.00145054	0.0048914	0.0113306	0.000226974	1.14441e-05
0.000861168	0.00123119	0.00510693	0.012166	0.000558853	8.2016e-05
0.000826836	0.00137997	0.0048933	0.0122643	0.000599861	8.67844e-05
0.000821114	0.00156403	0.00461674	0.0142231	0.00097084	8.7738e-05
0.000789642	0.00129604	0.0045948	0.0142841	0.00099659	8.96454e-05
0.000945091	0.00127602	0.00401592	0.0162439	0.00119686	9.05991e-05
0.000946045	0.00113583	0.00415707	0.0164099	0.00121498	9.15527e-05
0.000841141	0.0014286	0.0042944	0.0177927	0.00114155	0.000100136
0.000905991	0.00127602	0.00443459	0.0178051	0.00115585	0.000103951
0.000967026	0.00136566	0.0041523	0.0192223	0.0012064	0.000116348
0.000847816	0.00112915	0.00444794	0.0192652	0.00119972	0.000123978
0.000993729	0.00140667	0.003335	0.0216503	0.00113773	0.000132561
0.00109291	0.00120544	0.00341034	0.0218019	0.00112057	0.000131607
0.000662804	0.00128174	0.004035	0.0234375	0.00114918	0.000157356
0.000749588	0.00126934	0.00370789	0.0238953	0.00117683	0.000154495
0.000725746	0.00121975	0.00376225	0.0254049	0.00115204	0.000174522
0.000882149	0.00121689	0.00368118	0.025528	0.00116158	0.000172615
0.000535965	0.00124741	0.00377274	0.0260887	0.000947952	0.000166893
0.000786781	0.000944138	0.00410366	0.0259867	0.000951767	0.000164986
0.00082016	0.00101185	0.00370598	0.0252399	0.00086689	0.000169754
0.000584602	0.00102043	0.00397873	0.0248632	0.000852585	0.000166893
0.00083065	0.00107574	0.00388622	0.0246496	0.000762939	0.000165939
0.000715256	0.00106621	0.00361347	0.0245161	0.000752449	0.000165939
0.000905037	0.00106144	0.00394154	0.0242319	0.000658035	0.000146866
0.000689507	0.00113583	0.00442791	0.0237331	0.00064373	0.000150681
0.000967026	0.00104713	0.003932	0.0240793	0.000658035	0.000142097
0.000884056	0.00112629	0.00394535	0.0238123	0.000663757	0.000143051
0.0007267	0.00101376	0.00387573	0.0233278	0.00056076	9.15527e-05
0.000644684	0.00115776	0.00379276	0.0235472	0.000545502	7.62939e-05
0.000709534	0.00133133	0.0040741	0.0216894	0.000343323	5.14984e-05
0.000683784	0.00136948	0.00425243	0.0215244	0.000325203	5.53131e-05
0.000922203	0.00127602	0.00442982	0.0201015	0.000303268	4.86374e-05
0.00105858	0.00109291	0.00370121	0.0207024	0.0002985	4.95911e-05
0.000896454	0.00128078	0.00392818	0.0197201	0.00017643	2.19345e-05
0.000800133	0.00149822	0.00410557	0.0194817	0.000151634	2.28882e-05
0.00101471	0.00117683	0.00420475	0.0180445	0.00012207	2.47955e-05
0.000875473	0.00139236	0.00368404	0.0184307	0.000118256	2.57492e-05
0.00092411	0.00153542	0.00358391	0.0176649	0.000130653	2.47955e-05
0.000985146	0.00126553	0.00351715	0.0179462	0.000121117	2.47955e-05
0.00100327	0.00125313	0.00361824	0.0168333	0.000127792	2.00272e-05
0.00106049	0.00126934	0.00332546	0.0170488	0.000124931	2.19345e-05
0.000917435	0.00121307	0.00363731	0.016449	9.72748e-05	1.43051e-05
0.000767708	0.00143242	0.00400639	0.0160065	9.44138e-05	1.33514e-05
0.000906944	0.00133514	0.0036087	0.0157385	8.10623e-05	8.58307e-06
0.0010004	0.00138187	0.00374985	0.0155277	9.05991e-05	8.58307e-06
0.000908852	0.0013361	0.00468826	0.014245	9.91821e-05	2.47955e-05
0.000864029	0.0014677	0.00417042	0.0145302	9.72748e-05	2.38419e-05
0.00105762	0.00154686	0.00394344	0.0131817	8.4877e-05	2.28882e-05
0.0010004	0.0018549	0.00374508	0.0129242	8.96454e-05	2.47955e-05
0.000879288	0.00175858	0.00471878	0.0113926	8.7738e-05	2.47955e-05
0.00108433	0.00133514	0.00486469	0.0115299	8.96454e-05	2.47955e-05
0.0008955	0.00143242	0.00442791	0.0110979	8.39233e-05	2.19345e-05
0.00105286	0.00138474	0.00474834	0.0109377	8.2016e-05	2.19345e-05
0.00100899	0.00151062	0.00491238	0.0105066	8.58307e-05	2.19345e-05
0.000983238	0.00125504	0.00510311	0.0107031	8.4877e-05	2.09808e-05
0.000858307	0.00150299	0.00583935	0.00987148	8.01086e-05	2.19345e-05
0.00102901	0.00123405	0.00588894	0.00982094	8.10623e-05	2.28882e-05
0.00101566	0.00140858	0.00588036	0.0092907	7.15256e-05	1.90735e-05
0.00108719	0.00139523	0.0050211	0.00971508	7.82013e-05	1.90735e-05
0.0010891	0.00129223	0.00555515	0.00860691	0	0
0.000966072	0.00130463	0.00531769	0.00836754	0	0
0.00112057	0.00163078	0.00470543	0.00840092	0	0
0.00103664	0.00156116	0.00497341	0.00855637	0	0
0.00108719	0.00143528	0.00415421	0.00894928	2.67029e-05	0
0.000926971	0.0015583	0.0046587	0.00863171	3.91006e-05	8.58307e-06
0.000943184	0.00137711	0.00445175	0.00966835	0.000108719	3.14713e-05
0.000957489	0.00139523	0.00449276	0.00950336	0.000109673	3.14713e-05
0.000898361	0.0013504	0.00430393	0.00931549	0.000103951	3.33786e-05
0.0010252	0.00142002	0.00393391	0.00953674	9.53674e-05	3.24249e-05
0.000997543	0.00135231	0.00446224	0.00993729	0.00030899	9.91821e-05
0.00094223	0.00144196	0.00397396	0.0101547	0.000340462	0.000103951
0.00109291	0.00145912	0.00396347	0.00992203	0.000375748	0.000102043
0.000847816	0.00140667	0.00466347	0.00947666	0.000376701	0.000103951
0.00105095	0.00159645	0.00453949	0.00848484	0.000263214	6.67572e-05
0.00102234	0.0014286	0.0045948	0.00803852	0.00025177	7.15256e-05
0.000885963	0.00126457	0.00433636	0.00720215	0.000254631	6.38962e-05
0.000997543	0.00133514	0.00376511	0.00737762	0.000250816	6.58035e-05
0.00107384	0.00150967	0.00413227	0.00653076	0.000258446	6.29425e-05
0.000867844	0.00156975	0.00435925	0.00623703	0.000253677	6.67572e-05
0.00110912	0.00141907	0.00434685	0.00600624	0.00026989	5.91278e-05
0.00107861	0.0014801	0.00438499	0.00588512	0.000276566	5.62668e-05
0.00102997	0.00159836	0.00423336	0.00523567	0.0001688	3.62396e-05
0.000916481	0.00130272	0.0046854	0.00512886	0.000169754	3.05176e-05
0.00102329	0.00158215	0.00437927	0.00459576	8.4877e-05	0
0.00110054	0.00125122	0.00498295	0.00430965	8.10623e-05	0
0.00108719	0.00149536	0.00471497	0.00482655	6.67572e-05	0
0.00122643	0.00156498	0.00463581	0.004632	7.05719e-05	0
0.00118256	0.00132179	0.00468826	0.0059309	0.000109673	0
0.00109005	0.00141811	0.00471783	0.00604534	0.000113487	1.90735e-06
0.00105286	0.0013895	0.00441837	0.00751305	0.000189781	5.14984e-05
0.00109959	0.00146389	0.00441742	0.00791168	0.000197411	5.34058e-05
0.000778198	0.00149441	0.00493622	0.00881672	0.000264168	7.62939e-05
0.000967026	0.00132751	0.00513172	0.00885677	0.00026989	7.72476e-05
0.000941277	0.00121212	0.00467777	0.0110283	0.000253677	7.15256e-05
0.000880241	0.00141621	0.00445175	0.0115089	0.000260353	7.15256e-05
0.000920296	0.00135803	0.00442982	0.0121365	0.000242233	7.05719e-05
0.000818253	0.00145054	0.00479221	0.0115461	0.000242233	6.96182e-05
0.00084877	0.0016346	0.00415802	0.0123224	0.000249863	6.58035e-05
0.000871658	0.00130367	0.00414181	0.012476	0.000247002	6.58035e-05
0.000926971	0.00137997	0.00441933	0.0118723	0.000267982	5.72205e-05
0.000962257	0.00106049	0.00458717	0.0120487	0.000135422	2.28882e-05
0.000991821	0.00144958	0.00433922	0.0117416	0.000124931	8.58307e-06
0.000808716	0.00124168	0.00470066	0.0121708	9.91821e-05	6.67572e-06
0.000792503	0.00136566	0.00447273	0.0121431	8.96454e-05	6.67572e-06
0.0010004	0.00151157	0.00432014	0.0126057	7.72476e-05	8.58307e-06
0.00103664	0.00151062	0.00431252	0.0127668	7.43866e-05	5.72205e-06
0.000875473	0.00132275	0.00417328	0.0146933	8.86917e-05	4.76837e-06
0.00088501	0.00135708	0.0044632	0.0145407	7.72476e-05	5.72205e-06
0.00109863	0.00117779	0.00390816	0.0160799	2.19345e-05	0
0.000852585	0.00119781	0.00434208	0.0156746	2.76566e-05	0
0.000885963	0.0014677	0.00398254	0.0155001	2.19345e-05	0
0.00104046	0.00110722	0.00442219	0.0155163	2.19345e-05	0
0.000771523	0.00142002	0.00410748	0.0149803	2.67029e-05	0
0.000760078	0.00151443	0.00448322	0.0148163	3.05176e-05	0
0.0010004	0.00139141	0.0044651	0.0144987	2.38419e-05	0
0.000914574	0.00149059	0.00479507	0.0142641	2.57492e-05	0
0.000988007	0.0013361	0.00456619	0.0150118	2.95639e-05	0
0.000753403	0.00159073	0.00467491	0.0147438	2.95639e-05	0
0.00100136	0.00134468	0.00444508	0.0149794	2.09808e-05	0
0.00103855	0.00137234	0.0045023	0.0147429	1.90735e-05	0
0.00102711	0.00125599	0.00432968	0.0150824	9.72748e-05	2.86102e-06
0.000994682	0.00122452	0.00407505	0.0151567	0.000112534	3.8147e-06
0.00100136	0.00159645	0.00363064	0.0157356	0.000200272	0
0.000954628	0.00139427	0.00359058	0.0160265	0.000197411	0
0.000770569	0.00129032	0.00389767	0.0162172	0.000279427	2.09808e-05
0.000875473	0.0011797	0.00377083	0.0161371	0.000295639	2.19345e-05
0.0007658	0.00121498	0.00416565	0.0165844	0.000370979	2.76566e-05
0.00084877	0.00149918	0.00355244	0.0168209	0.000395775	3.05176e-05
0.00103951	0.00119972	0.00378036	0.0168657	0.000434875	4.673e-05
0.000965118	0.0012722	0.00378513	0.0167913	0.000432968	5.14984e-05
0.000975609	0.00104237	0.00409889	0.015399	0.000425339	5.34058e-05
0.000950813	0.00121307	0.00361729	0.0155392	0.000434875	5.34058e-05
0.000809669	0.00158215	0.00409985	0.0130596	0.000336647	4.673e-05
0.000980377	0.00141621	0.00381088	0.0131817	0.000329018	4.57764e-05
0.000925064	0.00150394	0.00400543	0.0112915	0.000118256	0
0.00100422	0.00149727	0.00425911	0.0110664	0.000101089	0
0.000956535	0.001647	0.00415993	0.0102539	7.72476e-05	0
0.000898361	0.00135612	0.00435734	0.00988007	6.38962e-05	0
0.0010252	0.00156498	0.0040617	0.0089016	8.4877e-05	0
0.000955582	0.00142956	0.0041914	0.00925922	8.7738e-05	9.53674e-07
0.000927925	0.00137329	0.00405979	0.0101976	0.000132561	7.62939e-06
0.00102139	0.00130558	0.00405788	0.0103807	0.000119209	8.58307e-06
0.000826836	0.00157166	0.00442791	0.0107155	9.44138e-05	1.14441e-05
0.000858307	0.00128555	0.00405979	0.0114441	9.63211e-05	1.23978e-05
0.000802994	0.00116444	0.00425911	0.0124588	0.000185013	4.19617e-05
0.000893593	0.00133896	0.00436497	0.0123959	0.00020504	5.34058e-05
0.0010376	0.00117111	0.00395489	0.0139227	0.000384331	4.86374e-05
0.000747681	0.00120449	0.00390434	0.0143242	0.000385284	4.95911e-05
0.000828743	0.00124836	0.004076	0.0139303	0.000388145	4.673e-05
0.000886917	0.00129509	0.00377655	0.014327	0.000374794	4.48227e-05
0.00067997	0.0013113	0.00431156	0.013731	0.000389099	3.91006e-05
0.000939369	0.00116158	0.00409889	0.0139589	0.000387192	3.62396e-05
0.000812531	0.00108528	0.00424862	0.0140028	0.000336647	3.91006e-05
0.000788689	0.00119114	0.00469589	0.0135527	0.00033474	3.62396e-05
0.000826836	0.00113869	0.00437832	0.0136242	0.000234604	3.43323e-05
0.000855446	0.00116444	0.00461292	0.0133924	0.000222206	2.67029e-05
0.000844002	0.00117493	0.00463772	0.0132256	9.34601e-05	0
0.000888824	0.00132942	0.00422764	0.013298	0.000144005	1.90735e-06
0.00102234	0.00133133	0.00431156	0.0132914	0.0001688	1.71661e-05
0.000967026	0.00128555	0.00407791	0.0131779	0.000367165	0.000149727
0.00108433	0.00154114	0.00385094	0.0131111	0.000365257	0.000150681
0.000834465	0.00110626	0.00371075	0.0130787	0.000389099	0.000152588
0.000908852	0.00129032	0.00373936	0.0130796	0.000407219	0.000149727
0.000932693	0.00156307	0.00387859	0.0129642	0.000574112	0.000166893
0.00124454	0.00137043	0.0036726	0.0132914	0.000593185	0.0001688
0.000914574	0.00142479	0.0037508	0.0132332	0.000602722	0.000166893
0.00106049	0.00133801	0.00399876	0.0130529	0.000620842	0.000167847
0.000985685	0.00130243	0.0041666	0.0114643	0.000459837	8.75722e-05
0.000904083	0.00126362	0.00434971	0.00973129	0.000284195	0
0.00100136	0.00152016	0.00430965	0.00940132	0.000247955	0
0.0011034	0.00147057	0.0037632	0.0085001	0.000153542	0
0.00122452	0.00129032	0.00408745	0.00852108	0.000161171	0
0.00107002	0.00169659	0.00397968	0.00772858	0.000185013	0
0.00104523	0.00169373	0.00410461	0.00755978	0.000199318	9.53674e-07
0.00112152	0.00169849	0.00410175	0.00677586	6.96182e-05	0
0.00109386	0.00181675	0.0036068	0.00678444	5.91278e-05	0
0.00118065	0.00134563	0.0039444	0.00621605	0	0
0.00107384	0.00127029	0.0039959	0.0063839	0	0
0.000941277	0.00161934	0.00403881	0.00657082	0	0
0.00112438	0.00173283	0.00392437	0.00660992	0	0
0.000976563	0.00139332	0.0040102	0.00854492	0.000130653	1.14441e-05
0.00107193	0.0014677	0.00414085	0.00816917	0.000151634	2.38419e-05
0.00115013	0.00130177	0.00394535	0.0101042	0.000395775	0.000151634
0.000992775	0.00147438	0.00397301	0.010088	0.000407219	0.00014782
0.000774384	0.00134373	0.00352478	0.0121098	0.000421524	0.000139236
0.000918388	0.00137424	0.00340557	0.012044	0.000415802	0.000136375
0.000977516	0.00143337	0.00332451	0.0128555	0.000435829	0.000141144
0.00088501	0.00141716	0.00338173	0.012413	0.000441551	0.000141144
0.000874519	0.0012455	0.00345325	0.0126591	0.00052166	0.00014782
0.000950813	0.00114059	0.00373173	0.0123968	0.000542641	0.00014782
0.000926018	0.00153732	0.00333118	0.0117407	0.000584602	0.000179291
0.0008955	0.00128174	0.00361633	0.0115519	0.000570297	0.000180244
0.000915527	0.00138474	0.00390148	0.00968266	0.000224113	4.673e-05
0.000982285	0.00127411	0.00383949	0.00973892	0.000235558	4.76837e-05
0.000885963	0.00150681	0.00407219	0.00923824	0.000267029	4.29153e-05
0.000927925	0.00150013	0.00408745	0.00922775	0.000270844	4.19617e-05
0.00083828	0.00144196	0.00401497	0.00919724	0.000256538	3.91006e-05
0.000860214	0.00127029	0.0044775	0.00903797	0.000257492	3.8147e-05
0.000956535	0.0013361	0.00438118	0.0088768	0.000188828	3.71933e-05
0.000922203	0.00162983	0.00392818	0.00909424	0.000182152	3.8147e-05
0.00100231	0.00102234	0.00450325	0.00918674	0.000138283	3.52859e-05
0.000867844	0.00145435	0.00441551	0.00897312	0.000137329	3.24249e-05
0.000880241	0.00131702	0.00480652	0.0085392	4.86374e-05	0
0.000859261	0.0013485	0.00517654	0.00835419	3.33786e-05	0
0.000871658	0.00174522	0.00448895	0.00813198	0	0
0.00109196	0.00147533	0.00491905	0.00740337	0	0
0.00114155	0.00168705	0.00488281	0.00682735	0	0
0.00121021	0.00191116	0.00462437	0.00686932	0	0
0.000937462	0.00160122	0.00569153	0.00562382	0	0
0.00102329	0.0015192	0.00525761	0.00582123	3.8147e-06	0
0.000983238	0.00158119	0.00541782	0.00633812	7.34329e-05	5.72205e-06
0.00102711	0.00132275	0.00531769	0.00663853	7.53403e-05	1.14441e-05
0.000990868	0.00144005	0.00499439	0.00742245	0.000131607	2.09808e-05
0.000964165	0.00149155	0.00490379	0.00754356	0.000130653	2.09808e-05
0.00107956	0.00156975	0.00446606	0.00802422	0.000123024	2.19345e-05
0.000969887	0.00144005	0.00465679	0.00829983	0.000119209	2.09808e-05
0.00102234	0.00146389	0.00338268	0.00922775	0.000113487	2.19345e-05
0.000987053	0.00151348	0.00362968	0.00919056	0.000115395	2.19345e-05
0.000739098	0.00161839	0.00391006	0.0108891	0.000100136	2.09808e-05
0.00091362	0.00124264	0.00375366	0.0111961	0.000101089	2.19345e-05
0.00114727	0.00125217	0.00400925	0.0117235	0.000178337	5.62668e-05
0.00083828	0.00121212	0.00405407	0.0119629	0.000181198	5.91278e-05
0.000904083	0.00147533	0.00429726	0.011775	0.00018692	5.62668e-05
0.00087738	0.00134182	0.00439072	0.011858	0.000177383	5.62668e-05
0.00102711	0.00124454	0.00417709	0.0123243	0.000107765	3.24249e-05
0.00103569	0.00132465	0.00443649	0.0123072	0.000105858	3.33786e-05
0.000813484	0.00144672	0.00415039	0.0134106	0.000246048	8.58307e-05
0.00107765	0.00121689	0.00414848	0.013607	0.00026226	9.91821e-05
0.000873566	0.00152206	0.0041256	0.0136633	0.000343323	0.000117302
0.000828743	0.00131226	0.00436115	0.0134611	0.000348091	0.000119209
0.000814438	0.001194	0.00444221	0.0139055	0.000433922	0.0001297
0.00094986	0.00148201	0.00445271	0.013588	0.000429153	0.000126839
0.000933647	0.00142479	0.00374222	0.0151606	0.000413895	0.000136375
0.000967026	0.00136089	0.00372028	0.0151615	0.000407219	0.000138283
0.000958443	0.00147057	0.00396729	0.0160713	0.000520706	0.000136375
0.000845909	0.00120544	0.00411987	0.0163374	0.000543594	0.000139236
0.00103569	0.00133419	0.00428104	0.0174847	0.000559807	0.000134468
0.000821114	0.00139809	0.00444603	0.0173321	0.000546455	0.000132561
0.000861168	0.0011673	0.00449371	0.0191422	0.000412941	3.24249e-05
0.000758171	0.00111866	0.00456333	0.019083	0.000392914	3.14713e-05
0.000869751	0.0012188	0.00375652	0.0198574	0.000257492	3.43323e-05
0.00073719	0.00117397	0.00415802	0.019865	0.000259399	3.62396e-05
0.000782013	0.00104904	0.0044899	0.0199804	0.000196457	3.8147e-05
0.000674248	0.00105858	0.00432396	0.0202971	0.000203133	3.62396e-05
0.000880241	0.00122643	0.00442886	0.0192366	0.000198364	3.52859e-05
0.000839233	0.00126743	0.00450897	0.0189629	0.000198364	3.33786e-05
0.000941277	0.00147247	0.00398159	0.018033	0.000185966	3.24249e-05
0.00100613	0.0012579	0.00427628	0.0181799	0.000171661	3.33786e-05
0.000858307	0.00138855	0.00393391	0.0169115	0.000205994	3.43323e-05
0.000789642	0.00127411	0.00423145	0.0168018	0.000229836	3.62396e-05
0.000908852	0.00132561	0.00377369	0.0173893	0.000351906	0.000101089
0.000833511	0.00143051	0.00366783	0.01752	0.000359535	9.82285e-05
0.000741959	0.00126076	0.00354195	0.0178766	0.000335693	0.000101089
0.000879288	0.00129795	0.00363922	0.0173788	0.000322342	0.000102997
0.000905037	0.00107956	0.0039444	0.0173273	0.000294685	0.000103951
0.000988007	0.00113869	0.00415611	0.0169764	0.0002985	0.000102043
0.0008564	0.00142097	0.00364494	0.0174789	0.000293732	0.000101089
0.000821114	0.00110054	0.00376606	0.0175705	0.000282288	0.000101089
0.000776291	0.00127792	0.00392723	0.0173044	0.000273705	9.44138e-05
0.000982285	0.00132275	0.00390434	0.0170345	0.000278473	8.96454e-05
0.000902176	0.00137424	0.00473309	0.0147591	0.000150681	3.8147e-05
0.00088501	0.00114155	0.00454044	0.0149775	0.000121117	1.90735e-05
0.000985146	0.00131893	0.00406837	0.0138407	4.19617e-05	0
0.000900269	0.00141048	0.0036478	0.0141068	4.76837e-05	0
0.000909805	0.00153637	0.00405407	0.0116978	4.3869e-05	0
0.000955582	0.00158691	0.00422287	0.011384	3.43323e-05	0
0.000956535	0.00161934	0.00465488	0.00960922	1.04904e-05	0
0.00122356	0.00141907	0.00462914	0.00936699	9.53674e-06	0
0.00115776	0.00147438	0.00434303	0.00800896	1.81198e-05	0
0.00115585	0.00175381	0.00424767	0.00788689	1.90735e-05	0
0.00107193	0.00122738	0.00491238	0.00820732	6.86646e-05	0
0.000870705	0.00160313	0.00428009	0.00859833	9.82285e-05	0
0.00111866	0.00160027	0.00407314	0.00873184	0.000499725	7.72476e-05
0.00104809	0.00160599	0.00378799	0.00868702	0.000517845	7.62939e-05
0.00105858	0.00170231	0.00335503	0.0102034	0.00066185	8.7738e-05
0.00102997	0.00156021	0.00372887	0.0102205	0.00065136	8.86917e-05
0.000920296	0.00158596	0.00348854	0.0109787	0.000519753	8.29697e-05
0.00106716	0.00148201	0.00358677	0.0107346	0.000534058	8.2016e-05
0.00103092	0.00112915	0.00401497	0.00997829	0.000488281	8.10623e-05
0.00103188	0.00139618	0.00384521	0.00976372	0.000470161	8.10623e-05
0.000864983	0.00137711	0.00383949	0.00833797	0.000430107	6.96182e-05
0.000979424	0.00141239	0.00398636	0.00806904	0.000409126	6.96182e-05
0.000922203	0.00158501	0.00400925	0.00723648	0.000202179	6.67572e-06
0.000961304	0.00149632	0.00414658	0.00717354	0.000180244	9.53674e-07
0.00116253	0.00148487	0.00392532	0.00638008	6.00815e-05	0
0.00111961	0.00136757	0.00410175	0.00640297	5.34058e-05	0
0.00119495	0.00155258	0.00388527	0.0061512	4.19617e-05	0
0.000793457	0.0016489	0.00379276	0.00628376	3.52859e-05	0
0.00107002	0.00145626	0.00358295	0.00609779	2.47955e-05	0
0.00092411	0.001441	0.00387764	0.00600433	2.09808e-05	0
0.000962257	0.00167179	0.00386524	0.00621319	0	0
0.000941277	0.00135231	0.0039053	0.0062933	0	0
0.00123119	0.00138092	0.00415516	0.00720406	0.000100136	0
0.00119019	0.0015049	0.00410557	0.00739861	0.000123024	2.86102e-06
0.00115013	0.00132561	0.0043087	0.0081625	0.000303268	6.58035e-05
0.00097847	0.00147915	0.00390911	0.00861549	0.000302315	6.77109e-05
0.000968933	0.00167751	0.00351048	0.00927448	0.000357628	6.58035e-05
0.000943184	0.00176525	0.00365448	0.00935841	0.000367165	6.38962e-05
0.00105953	0.00134277	0.00394821	0.0100155	0.000371933	6.00815e-05
0.000901222	0.00168133	0.00395203	0.0101233	0.000360489	6.10352e-05
0.00100136	0.00138569	0.00419807	0.00948238	0.000356674	5.43594e-05
0.000981331	0.00147057	0.00437927	0.00923061	0.000351906	5.24521e-05
0.00123787	0.0014658	0.00455761	0.00791168	0.000328064	4.95911e-05
0.00097084	0.00155926	0.00448608	0.00820541	0.00032711	4.95911e-05
0.00114155	0.00150394	0.00474167	0.00699139	8.2016e-05	0
0.000890732	0.00154877	0.00498676	0.00690746	4.76837e-05	0
0.00101948	0.00141335	0.00559998	0.00587463	2.95639e-05	0
0.00114155	0.00160313	0.00507927	0.00600815	3.05176e-05	0
0.00105572	0.00164795	0.00465775	0.00568008	0	0
0.00129986	0.00150394	0.00479412	0.00593758	0	0
0.00109005	0.00154972	0.00476265	0.00528049	0	0
0.00111103	0.0013113	0.00454617	0.00593376	0	0
0.00119209	0.00140285	0.0045414	0.00587559	0	0
0.00104713	0.00141716	0.00466251	0.00674343	7.24792e-05	6.67572e-06
0.00102329	0.00153351	0.0042696	0.00707245	7.9155e-05	8.58307e-06
0.0010767	0.00139046	0.00422668	0.0074873	0.000105858	7.62939e-06
0.00108433	0.0016489	0.00448227	0.00710487	0.000104904	6.67572e-06
0.00121593	0.00150204	0.00408077	0.00743961	0.000102997	8.58307e-06
0.00108433	0.00159931	0.00460911	0.00713825	9.53674e-05	1.04904e-05
0.00101185	0.00149345	0.00378895	0.00782871	9.25064e-05	8.58307e-06
0.000992775	0.00164127	0.00384998	0.00745773	9.25064e-05	8.58307e-06
0.00101757	0.00172806	0.0044117	0.0071516	8.4877e-05	8.58307e-06
0.000967979	0.00132656	0.00457191	0.00752449	8.4877e-05	8.58307e-06
0.00108242	0.00165844	0.0041151	0.00800323	7.82013e-05	3.8147e-06
0.00117302	0.00151348	0.00407982	0.00820923	7.05719e-05	2.86102e-06
0.000999451	0.0013361	0.00497246	0.00877762	6.29425e-05	9.53674e-07
0.00103283	0.0016346	0.0042057	0.00942135	5.53131e-05	0
0.00103283	0.00143623	0.00461388	0.0103779	0.000119209	1.90735e-06
0.000929832	0.00134563	0.00455761	0.0105324	0.000124931	3.8147e-06
0.00111103	0.00137329	0.00459766	0.012104	0.000173569	0
0.0010128	0.00139523	0.00504398	0.011734	0.000170708	0
0.000833511	0.00136566	0.00507164	0.0121975	0.000209808	0
0.000799179	0.00142956	0.00455475	0.012826	0.000203133	0
0.00097084	0.00153732	0.00413895	0.0127506	0.000275612	0
0.0010376	0.00147057	0.00449371	0.0122519	0.00028801	0
0.000999451	0.001441	0.00505638	0.0108814	0.000349045	0
0.00104046	0.00132179	0.00487232	0.0108194	0.000357628	0
0.000965118	0.00143337	0.00460529	0.0096674	0.000296593	0
0.00111771	0.00144482	0.00460815	0.00958538	0.000293732	0
0.00119305	0.00129986	0.00473118	0.00881195	0.000214577	0
0.000968933	0.00126648	0.00473213	0.00922775	0.000212669	0
0.00105286	0.00125885	0.00451279	0.00844288	0.000192642	0
0.00117397	0.00148487	0.00427246	0.00816727	0.000188828	0
0.0008955	0.00155067	0.00485516	0.0080204	0.00014019	0
0.000966072	0.00174141	0.00445843	0.00821972	0.000141144	0
0.000864029	0.00169563	0.00450611	0.00937653	7.05719e-05	0
0.00102139	0.00162506	0.00452709	0.00959396	5.34058e-05	0
0.00092411	0.00150108	0.00468922	0.00886059	1.23978e-05	0
0.0011282	0.00152779	0.00483704	0.0086937	7.62939e-06	0
0.000958443	0.00161076	0.00513458	0.00809765	0	0
0.000976563	0.00158691	0.00494003	0.00808144	0	0
0.00120068	0.00149727	0.00463295	0.00700665	0	0
0.00111771	0.00147629	0.00471878	0.00699425	0	0
0.00102615	0.00155735	0.0048914	0.00682831	1.33514e-05	0
0.00111485	0.0014925	0.00485516	0.00701904	8.58307e-06	0
0.00105572	0.00151825	0.0046339	0.0068531	0	0
0.00105095	0.00141525	0.00452423	0.00670052	0	0
0.00096035	0.0016098	0.00548077	0.00575829	0	0
0.0011549	0.00151253	0.00484943	0.00584126	0	0
0.00109673	0.0016222	0.00471497	0.00531864	0	0
0.000994682	0.00159645	0.00502682	0.0052948	0	0
0.00126648	0.00150681	0.00471592	0.00557423	0	0
0.00109482	0.0017519	0.00451946	0.00579739	0	0
0.00120258	0.00141525	0.00479794	0.00699711	6.67572e-06	0
0.00108337	0.00150013	0.00491714	0.00716209	4.76837e-06	0
0.00116253	0.00167179	0.00474739	0.00888062	7.05719e-05	3.8147e-06
0.00124359	0.00166321	0.0047226	0.00952721	0.000259399	5.91278e-05
0.000952721	0.00162506	0.00493526	0.00956345	0.000275612	6.58035e-05
0.000952721	0.00127888	0.00444317	0.0115004	0.000401497	7.9155e-05
0.00102234	0.00146389	0.00451565	0.0114727	0.000400543	7.43866e-05
0.000935555	0.00134087	0.00508308	0.0120554	0.000411034	7.72476e-05
0.00102901	0.00137711	0.0047121	0.0123701	0.000432968	7.72476e-05
0.00108528	0.00140285	0.00419712	0.0132103	0.000646591	7.15256e-05
0.000837326	0.00125122	0.00462246	0.0131493	0.000636101	7.43866e-05
0.00110626	0.00131989	0.00395012	0.0131035	0.000697136	7.62939e-05
0.000953674	0.0014925	0.00416088	0.0133762	0.000704765	7.72476e-05
0.000806808	0.00123215	0.00415421	0.0139046	0.000798225	7.82013e-05
0.000850677	0.00127983	0.00415516	0.0137577	0.000806808	7.82013e-05
0.000988007	0.00137043	0.00347805	0.0144768	0.000878334	8.01086e-05
0.000941277	0.00120449	0.00352764	0.014411	0.000874519	7.9155e-05
0.000929832	0.00101376	0.00377464	0.0146227	0.000891685	8.10623e-05
0.000952721	0.00137997	0.00362206	0.0146923	0.000888824	8.29697e-05
0.000892639	0.00130844	0.00349903	0.0151424	0.000881195	6.96182e-05
0.000930786	0.00134277	0.00308895	0.0153303	0.00088501	6.67572e-05
0.000908852	0.00119781	0.00313854	0.0154543	0.000829697	6.58035e-05
0.000897408	0.00124264	0.0030756	0.0152607	0.000816345	6.38962e-05
0.00108719	0.00143337	0.00348186	0.0149508	0.000659943	6.38962e-05
0.00101471	0.00142574	0.00401211	0.0144882	0.000648499	6.19888e-05
0.000941277	0.00135326	0.00349712	0.0137749	0.000562668	6.19888e-05
0.00122738	0.00135994	0.0032053	0.0137444	0.000564575	6.10352e-05
0.00108147	0.00135994	0.00391865	0.0116529	0.000414848	5.81741e-05
0.000945091	0.00145721	0.00334835	0.0121765	0.000412941	5.81741e-05
0.00107956	0.00132465	0.00373268	0.0119867	0.000391006	5.34058e-05
0.00109291	0.00137806	0.00380516	0.0116453	0.000390053	5.43594e-05
0.0010767	0.00155926	0.00408459	0.0096817	0.000230789	3.8147e-06
0.000884056	0.00186157	0.00407314	0.00955009	0.000201225	0
0.00109863	0.00176334	0.00380516	0.00783634	3.43323e-05	0
0.00105858	0.00175476	0.00366879	0.00799179	3.05176e-05	0
0.000893593	0.00171757	0.0041914	0.00564766	7.62939e-06	0
0.0010643	0.00144005	0.00386524	0.00597	6.67572e-06	0
0.00097847	0.00166893	0.00428486	0.00538826	3.91006e-05	0
0.00113106	0.00156975	0.00428772	0.00526619	3.52859e-05	0
0.00109386	0.00173569	0.0039854	0.00529861	4.57764e-05	0
0.00118065	0.00145912	0.00398731	0.00539875	4.95911e-05	0
0.00135803	0.00179482	0.00416183	0.00500393	4.57764e-05	0
0.00108242	0.00170135	0.00468063	0.00481796	4.673e-05	0
0.000973701	0.00166893	0.00402451	0.00552368	3.05176e-05	0
0.00113487	0.00167942	0.00391006	0.00526333	2.86102e-05	0
0.001297	0.00165462	0.00432873	0.00575542	2.86102e-05	0
0.00110245	0.00150394	0.0045042	0.00533867	3.05176e-05	0
0.00107384	0.00157166	0.00393677	0.00531578	8.58307e-06	0
0.00100613	0.00161362	0.00408173	0.00528336	9.53674e-07	0
0.00109196	0.00139618	0.00357151	0.00542831	0	0
0.00110531	0.00145149	0.00384521	0.00542068	0	0
0.00107765	0.0014677	0.00385857	0.00453281	0	0
0.00107574	0.00159931	0.00386143	0.00474548	0	0
0.00119114	0.00171471	0.00383186	0.00513554	0.000143051	4.76837e-05
0.00101566	0.0016222	0.00388908	0.00504589	0.00014782	4.76837e-05
0.0011549	0.00178146	0.00385475	0.00582314	0.000149727	4.48227e-05
0.000961304	0.00169468	0.00378513	0.00610733	0.000143051	4.3869e-05
0.00112629	0.0019207	0.00384808	0.00599575	0.000157356	4.3869e-05
0.00112152	0.00176334	0.00434399	0.00578213	0.000157356	4.29153e-05
0.00101376	0.00163269	0.00402546	0.00584984	0.00015831	3.43323e-05
0.00110054	0.00175953	0.00430107	0.00570011	0.000160217	3.33786e-05
0.000972748	0.00152969	0.00493145	0.00615692	0.000152588	3.8147e-05
0.00105476	0.00166512	0.00503445	0.00569916	0.00015831	3.62396e-05
0.00111866	0.00148296	0.0047245	0.0064888	0	0
0.00108624	0.00166798	0.00501728	0.00609016	0	0
0.00091362	0.00168133	0.00489044	0.00652027	0	0
0.00106812	0.00141621	0.00523567	0.00620842	0	0
0.000938416	0.0014801	0.00534821	0.00633812	0	0
0.000902176	0.00148296	0.00517559	0.00657082	0	0
0.00107861	0.00135803	0.00484276	0.00737	0	0
0.00105667	0.00133801	0.00470352	0.00767708	0	0
0.000980377	0.00150871	0.00531864	0.00754738	0	0
0.000932693	0.00158787	0.00530815	0.00751305	0	0
0.000955582	0.0012989	0.00532055	0.00747395	0	0
0.00115681	0.00144196	0.00488472	0.00748444	0	0
0.000932693	0.00144768	0.00427914	0.00818348	1.52588e-05	0
0.000926018	0.00143719	0.00471783	0.00785732	1.43051e-05	0
0.000950813	0.00140953	0.00449848	0.00774956	0.000151634	2.00272e-05
0.00107479	0.00156879	0.00457859	0.00752831	0.000159264	2.09808e-05
0.00106144	0.00145435	0.00421715	0.00792313	0.000157356	2.00272e-05
0.000965118	0.00152302	0.00461674	0.00785446	0.000152588	2.00272e-05
0.00101948	0.00133038	0.00395298	0.00875664	0.000144005	2.28882e-05
0.00105381	0.00125599	0.00434208	0.00855541	0.000135422	2.47955e-05
0.000731468	0.00145626	0.00420856	0.00870609	0.000139236	2.19345e-05
0.00102234	0.00127125	0.00384617	0.00908852	0.000131607	2.19345e-05
0.00105381	0.0012579	0.00407219	0.00938988	0.000134468	2.00272e-05
0.000778198	0.0011692	0.00462437	0.00889874	0.000127792	2.09808e-05
0.000967979	0.0013361	0.00488472	0.00837517	9.53674e-07	0
0.00108242	0.00136375	0.00460339	0.00832748	0	0
0.0010519	0.00142956	0.00490379	0.00854111	0	0
0.00111675	0.00168419	0.0047493	0.00858498	0	0
0.000831604	0.00158596	0.0047884	0.00951958	0	0
0.000849724	0.00136948	0.00475502	0.00974655	0	0
0.000815392	0.00135708	0.00462723	0.0114336	0	0
0.000817299	0.00127316	0.00456142	0.0116358	0	0
0.00100136	0.00127411	0.00476551	0.0130901	5.91278e-05	0
0.000875473	0.00136471	0.00480843	0.013052	6.29425e-05	0
0.000839233	0.00131893	0.00435066	0.0146036	0.000126839	0
0.000951767	0.00134945	0.00441265	0.0146856	0.000132561	0
0.00096035	0.00125122	0.00383186	0.0149155	0.000180244	0
0.000742912	0.00139999	0.00409508	0.0148373	0.000182152	0
0.00074482	0.00123119	0.00444221	0.0151119	0.00042057	9.34601e-05
0.000863075	0.00139523	0.00444031	0.0153885	0.000436783	9.44138e-05
0.000837326	0.00117111	0.00447655	0.0157127	0.000454903	0.000105858
0.000908852	0.00145912	0.00393677	0.0160666	0.000465393	0.000107765
0.000870705	0.00146961	0.00423813	0.0157232	0.000324249	9.25064e-05
0.000857353	0.00137043	0.00395775	0.0160084	0.000318527	9.25064e-05
0.000731468	0.00151539	0.00397491	0.0153666	0.000249863	9.15527e-05
0.000934601	0.00114822	0.00409222	0.0156136	0.000249863	8.96454e-05
0.000966072	0.00137138	0.00426388	0.0159292	0.000261307	8.96454e-05
0.000918388	0.00117302	0.00424385	0.0161047	0.000261307	8.67844e-05
0.000889778	0.00155258	0.00369453	0.0166073	0.000275612	8.67844e-05
0.000908852	0.00118256	0.00401592	0.0166302	0.000282288	8.67844e-05
0.000836372	0.00108242	0.00422096	0.016201	0.000275612	9.05991e-05
0.000872612	0.00144291	0.00394344	0.0161142	0.000273705	9.05991e-05
0.000768661	0.00127792	0.00422668	0.014617	0.000249863	9.15527e-05
0.000836372	0.00121593	0.00433159	0.0145254	0.00024128	9.34601e-05
0.000778198	0.00139904	0.00398922	0.014863	0.000339508	0.000106812
0.000989914	0.00131893	0.00372982	0.0152864	0.000344276	0.00011158
0.000939369	0.00128841	0.00353241	0.0157862	0.000413895	0.000114441
0.000687599	0.00148773	0.00360775	0.0155935	0.000411034	0.00011158
0.000997543	0.00134945	0.00423431	0.0156879	0.000505447	0.000110626
0.000756264	0.00147533	0.00456715	0.0153723	0.00049305	0.000108719
0.000782013	0.00109196	0.00431347	0.014781	0.000417709	9.82285e-05
0.000923157	0.00129032	0.00390339	0.0145388	0.000421524	9.72748e-05
0.000795364	0.00137043	0.00399876	0.0128431	0.000284195	8.58307e-05
0.000921249	0.00138664	0.00412941	0.0126066	0.000270844	7.34329e-05
0.000906944	0.00141907	0.0045681	0.00985146	0.000100136	1.14441e-05
0.00106621	0.00158596	0.00460339	0.0093174	8.39233e-05	1.04904e-05
0.00108147	0.00149918	0.00433159	0.00750256	3.14713e-05	0
0.00100803	0.00132084	0.00458431	0.00720882	3.05176e-05	0
0.00121403	0.00143433	0.004076	0.00533772	0	0
0.00101948	0.00140381	0.00392532	0.00554848	0	0
0.00112057	0.0015831	0.00356865	0.00508213	0	0
0.0012331	0.00165462	0.00369644	0.00498486	0	0
0.00108337	0.00177097	0.0039072	0.0045929	0	0
0.00127125	0.00170422	0.00375938	0.0045681	0	0
0.00115681	0.00169849	0.00401592	0.00453663	0	0
0.00106621	0.00191116	0.00378036	0.00459385	0	0
0.00110435	0.00152874	0.00414085	0.00491333	0	0
0.00101566	0.0017767	0.00340271	0.00544643	9.53674e-07	0
0.000980377	0.0016737	0.00427151	0.00574398	0	0
0.0011301	0.00158405	0.00452042	0.00579834	0	0
0.00107956	0.00144672	0.0052433	0.00608349	0	0
0.00117302	0.00160313	0.00457954	0.00605392	0	0
0.00101662	0.00165367	0.00450325	0.00652313	0	0
0.000971794	0.00155258	0.00512981	0.00606823	0	0
0.000974655	0.00158119	0.00473785	0.00579071	0	0
0.00108624	0.00153923	0.00451946	0.0058527	0	0
0.00090313	0.00170326	0.00514412	0.005126	0	0
0.00104904	0.001441	0.00522995	0.00514507	0	0
0.00125694	0.00155163	0.00440025	0.00488472	0	0
0.00101852	0.00160313	0.00482559	0.00447655	0	0
0.00122833	0.00158787	0.00504398	0.00433445	0	0
0.00115013	0.00161266	0.00485134	0.00418854	0	0
0.000861168	0.00138092	0.00452614	0.00441647	0	0
0.00102901	0.00115204	0.00450611	0.00449085	0	0
0.000893593	0.00147152	0.00480366	0.00458241	0	0
0.000858307	0.00160503	0.00475883	0.00445271	0	0
0.000971794	0.00171089	0.00582123	0.00439739	0	0
0.00117207	0.00153542	0.00515938	0.0046463	0	0
0.00108528	0.00156689	0.00518131	0.00457287	0	0
0.000991821	0.00139618	0.00532341	0.00452805	0	0
0.000967979	0.00162411	0.00478363	0.00452805	0	0
0.00118446	0.00134945	0.00506687	0.00423336	0	0
0.00109386	0.0014801	0.00507641	0.00439167	0	0
0.00115204	0.00157738	0.00511074	0.00417423	0	0
0.00109196	0.00156593	0.00479412	0.00462055	0	0
0.00100803	0.00173569	0.00503063	0.00430202	0	0
0.00120258	0.00165272	0.00460911	0.00439072	0	0
0.000772476	0.00163174	0.00475883	0.00442314	0	0
0.00109863	0.00171661	0.00468445	0.0037384	0	0
0.00104713	0.00128841	0.0050745	0.00358009	0	0
0.00101852	0.00165272	0.00432587	0.00480461	0	0
0.0010376	0.00151348	0.00484371	0.0047369	0	0
0.00107765	0.00143719	0.00509644	0.00562	6.48499e-05	1.14441e-05
0.00128937	0.00157356	0.00465202	0.00598145	7.62939e-05	1.04904e-05
0.00105858	0.00164795	0.00566006	0.00607967	0.000135422	1.71661e-05
0.0011425	0.001647	0.00518417	0.00645924	0.000161171	2.00272e-05
0.0010767	0.00163746	0.00499916	0.00732708	0.000313759	1.23978e-05
0.000800133	0.00164223	0.00491047	0.00754547	0.000324249	1.52588e-05
0.00100613	0.00153637	0.00494099	0.00746155	0.000434875	3.33786e-05
0.00107479	0.00147438	0.00506115	0.00738716	0.000439644	4.1008e-05
0.00121307	0.00153542	0.00540638	0.00691319	0.000376701	6.48499e-05
0.00110722	0.00150871	0.00533962	0.00691414	0.000351906	5.24521e-05
0.00105762	0.00155163	0.00479698	0.00623035	0.00028801	6.96182e-05
0.00117111	0.00155449	0.00469971	0.00613403	0.000294685	7.43866e-05
0.00102425	0.00154591	0.00468826	0.00499153	0.000278473	8.86917e-05
0.000908852	0.00152111	0.00518703	0.00445652	0.000263214	8.86917e-05
0.00117779	0.00179291	0.00435448	0.00363636	7.15256e-05	1.90735e-06
0.000983238	0.00160599	0.00477982	0.00351524	5.91278e-05	0
0.000958443	0.00185966	0.00446033	0.003232	0	0
0.000940323	0.0014534	0.00472355	0.00304794	0	0
0.00103569	0.0015173	0.00516319	0.00268745	0	0
0.00102043	0.00172615	0.00460339	0.00291824	0	0
0.00102329	0.00165939	0.004035	0.00310612	0	0
0.00101089	0.00143051	0.00448895	0.00287724	0	0
0.00116444	0.00152206	0.00479317	0.00320721	0	0
0.00108147	0.00156593	0.00480175	0.0033083	0	0
0.00103092	0.00145149	0.00551319	0.00328922	6.67572e-05	6.67572e-06
0.00109959	0.00170135	0.00490284	0.0038147	8.67844e-05	2.00272e-05
0.00102615	0.00152779	0.00493908	0.00470257	0.000261307	9.25064e-05
0.000901222	0.00156879	0.00512981	0.00491619	0.00026226	9.25064e-05
0.00102711	0.00142384	0.00429344	0.0057621	0.000290871	8.7738e-05
0.00120068	0.00128651	0.00411129	0.00580311	0.000311852	8.58307e-05
0.000904083	0.00144672	0.0042429	0.00688457	0.000546455	9.91821e-05
0.00103855	0.00151253	0.00410366	0.00680065	0.000543594	9.91821e-05
0.000947952	0.00151634	0.00384521	0.00724316	0.000525475	8.4877e-05
0.000797272	0.0014801	0.00398445	0.00730991	0.000524521	8.4877e-05
0.00120735	0.00147915	0.00422096	0.0069313	0.000370026	2.86102e-05
0.00119305	0.00152206	0.00398731	0.00699615	0.000351906	1.62125e-05
0.00118542	0.00139523	0.0038681	0.00644493	0.000228882	0
0.000921249	0.0015049	0.00377655	0.00631618	0.000224113	0
0.000886917	0.00178242	0.00429821	0.00609398	0.000192642	0
0.000953674	0.00164318	0.00395775	0.00646877	0.000189781	0
0.00100803	0.00162601	0.0041399	0.00593567	0	0
0.00126839	0.00186253	0.00424576	0.0055418	1.90735e-06	0
0.001091	0.00151062	0.00459671	0.00612831	0	0
0.000988007	0.00127983	0.00453281	0.00664043	0	0
0.00107479	0.00145817	0.00465965	0.00643063	0	0
0.00114632	0.00132179	0.00463963	0.00669098	0	0
0.000825882	0.0015831	0.00478745	0.00715733	0	0
0.00106144	0.00148106	0.00480652	0.00718594	0	0
0.000918388	0.00160599	0.00459576	0.00768566	0	0
0.00112534	0.00134945	0.00484753	0.00739002	0	0
0.0011158	0.00155163	0.00495052	0.00757885	0	0
0.00114346	0.00167084	0.00502586	0.00712585	0	0
0.00105667	0.00134754	0.00453377	0.00705051	0	0
0.00101948	0.00168133	0.00484848	0.0062952	0	0
0.000958443	0.00185585	0.00466824	0.00655842	0	0
0.00114346	0.00143909	0.00470638	0.00676823	0	0
0.000872612	0.00167751	0.00465298	0.00642681	0	0
0.000889778	0.00171375	0.00457668	0.0064249	0	0
0.00113297	0.00151539	0.00402355	0.00632954	1.33514e-05	0
0.00122833	0.00169182	0.00395775	0.00648022	2.76566e-05	9.53674e-07
0.00105	0.00148392	0.00388145	0.00588703	0.000101089	4.19617e-05
0.00110626	0.00146961	0.00389004	0.00591278	0.000101089	4.1008e-05
0.00126171	0.00140095	0.004076	0.00574017	9.82285e-05	3.91006e-05
0.00113392	0.00133324	0.00356007	0.00646687	0.000104904	4.1008e-05
0.00104046	0.00150776	0.00416374	0.00675964	0.000109673	3.8147e-05
0.00100994	0.00148869	0.00405216	0.00680256	0.000103951	3.91006e-05
0.00114536	0.0017128	0.00450897	0.00678921	0.000102997	4.00543e-05
0.0012455	0.00164509	0.00433636	0.0063839	0.000106812	4.00543e-05
0.00110531	0.00149632	0.0042696	0.00571823	0.000101089	3.8147e-05
0.00103378	0.00149059	0.00396633	0.00600243	0.000105858	3.62396e-05
0.00108624	0.0014534	0.00444126	0.00578022	0.000102997	3.33786e-05
0.00105	0.00152016	0.00443745	0.0058136	0.000102043	3.43323e-05
0.00111103	0.00143814	0.00444889	0.00494766	6.58035e-05	2.57492e-05
0.00129223	0.00135803	0.00431919	0.005023	6.48499e-05	2.47955e-05
0.00110054	0.00141716	0.00428581	0.00474453	7.24792e-05	6.67572e-06
0.00111675	0.00168896	0.00403214	0.00449944	6.86646e-05	7.62939e-06
0.00102329	0.00151348	0.00362587	0.00469494	0.000116348	2.19345e-05
0.000989914	0.00120926	0.00405693	0.00447941	0.000116348	2.57492e-05
0.000973701	0.0012455	0.00399303	0.00478077	0.000179291	3.62396e-05
0.000917435	0.00120068	0.00424957	0.00489807	0.000182152	3.71933e-05
0.00117397	0.00151157	0.00405884	0.00475121	0.000226021	4.48227e-05
0.00109863	0.00136662	0.00409031	0.0048933	0.000249863	4.673e-05
0.00108337	0.00120163	0.00431824	0.00503445	0.000339508	9.25064e-05
0.000990868	0.00128555	0.00432301	0.00512981	0.000339508	0.000104904
0.00091362	0.00133991	0.00368404	0.0054388	0.000385284	0.000137329
0.0010891	0.00134659	0.00374889	0.0054245	0.000401497	0.000137329
0.00111389	0.00138855	0.00442982	0.00576782	0.000492096	0.000165939
0.00107384	0.0014267	0.00448704	0.00580215	0.000515938	0.000165939
0.000981331	0.00122833	0.00463486	0.00661564	0.000622749	0.000171661
0.000991821	0.00153446	0.00435638	0.00675392	0.000636101	0.000166893
0.00105572	0.00143814	0.00498772	0.00588608	0.000535965	0.000146866
0.00107861	0.00161743	0.00494194	0.0056324	0.000507355	0.000146866
0.00104904	0.00136089	0.00425243	0.00560856	0.000473976	0.00014019
0.00116158	0.00121212	0.00413704	0.00563145	0.00047493	0.000139236
0.00118923	0.00138092	0.0044241	0.00598049	0.00045681	0.0001297
0.00119495	0.00110722	0.0046854	0.00580978	0.000462532	0.000130653
0.00125217	0.00136566	0.00436687	0.0058012	0.00053978	0.000116348
0.00117111	0.00128365	0.00453949	0.00578403	0.000540733	0.000114441
0.00108337	0.00127983	0.00433922	0.00552177	0.000411987	5.72205e-05
0.00134563	0.00117493	0.00439548	0.00535202	0.000418663	4.19617e-05
0.00112629	0.00141048	0.00399685	0.00532055	6.48499e-05	0
0.00111675	0.00124264	0.00430202	0.00516415	4.57764e-05	0
0.00137043	0.00142002	0.00427246	0.0061245	0	0
0.00108528	0.00127125	0.00451851	0.00613213	0	0
0.000989914	0.00130081	0.00507927	0.00667953	0	0
0.000962257	0.00146484	0.00483704	0.00668335	0	0
0.00109005	0.000946999	0.00539684	0.00699997	0	0
0.0010128	0.00128841	0.00562477	0.00668335	0	0
0.0011034	0.00105	0.00499058	0.00763702	8.58307e-06	0
0.00104523	0.00119686	0.0047121	0.00784016	8.58307e-06	0
0.000946999	0.00133991	0.00474262	0.00877857	5.72205e-06	0
0.000818253	0.0014658	0.00498295	0.0086422	2.86102e-06	0
0.00100422	0.0010891	0.00443459	0.00938606	9.53674e-07	0
0.00094223	0.00152969	0.00449085	0.00937366	0	0
0.00102711	0.00117874	0.00455666	0.00970936	0	0
0.00104332	0.00121784	0.00454235	0.00980759	0	0
0.000804901	0.00104332	0.00392151	0.00986004	0	0
0.000940323	0.00104523	0.00407696	0.00947189	0	0
0.000897408	0.00137711	0.00390053	0.00935364	0	0
0.000982285	0.00111008	0.00420666	0.00919628	0	0
0.000950813	0.00111008	0.00394535	0.00921345	0	0
0.000927925	0.00135231	0.00424862	0.00900459	0	0
0.00110149	0.0012455	0.00438023	0.00854015	0	0
0.000918388	0.00134468	0.0042963	0.00848675	0	0
0.000855446	0.00125313	0.00481892	0.00653458	0	0
0.000917435	0.0010643	0.00457191	0.00685787	0	0
0.00100517	0.00123405	0.00490475	0.00657463	0	0
0.000894547	0.00129032	0.00578022	0.00592041	0	0
0.00138474	0.0011673	0.00511837	0.00587273	0	0
0.00105476	0.00128555	0.0050993	0.0062294	0	0
0.00104332	0.00134182	0.00510502	0.00558853	0	0
0.0010004	0.00133514	0.00530624	0.00551796	0	0
0.000941277	0.0013895	0.0046711	0.00526524	0	0
0.0011282	0.00125885	0.0049572	0.00467587	0	0
0.000930786	0.00134277	0.0053978	0.00559521	0	0
0.000940323	0.00112247	0.0053606	0.00566864	0	0
0.00103569	0.0012722	0.00461102	0.00706768	0	0
0.00100708	0.00117588	0.00503159	0.00681114	0	0
0.000869751	0.00134945	0.00499535	0.00787354	2.67029e-05	0
0.00103474	0.00135517	0.00527477	0.00781441	2.47955e-05	0
0.00109196	0.00121212	0.0039053	0.0087986	1.90735e-05	0
0.000962257	0.0014925	0.00422668	0.008605	2.28882e-05	0
0.00119114	0.00127125	0.00458241	0.00923347	1.52588e-05	0
0.00112057	0.00136757	0.00464153	0.00932693	1.04904e-05	0
0.0008955	0.00140953	0.00467777	0.0102882	1.14441e-05	0
0.000811577	0.0013485	0.00488281	0.0101681	1.23978e-05	0
0.000736237	0.00117874	0.00492477	0.010272	6.19888e-05	1.43051e-05
0.000800133	0.00107765	0.00526237	0.0100765	6.86646e-05	2.38419e-05
0.000928879	0.000994682	0.00497723	0.0105848	0.000142097	5.34058e-05
0.000863075	0.0012598	0.00519657	0.0101013	0.000141144	5.34058e-05
0.000902176	0.00115871	0.00565243	0.0112381	0.000153542	5.53131e-05
0.000965118	0.00102615	0.00543213	0.0114851	0.000148773	5.62668e-05
0.000900269	0.000977516	0.00561047	0.0121107	0.000135422	5.14984e-05
0.000932693	0.00103378	0.00546932	0.0123167	0.000139236	5.34058e-05
0.000874519	0.00128365	0.00525761	0.0134382	0.00014019	5.53131e-05
0.000803947	0.00125599	0.00523567	0.0133562	0.000144958	5.24521e-05
0.000865936	0.00114155	0.00430107	0.0140476	0.000143051	4.95911e-05
0.000951767	0.00113678	0.00442219	0.014102	0.000144958	4.95911e-05
0.000890732	0.00118637	0.00438404	0.014349	0.00014019	5.14984e-05
0.000863075	0.00125122	0.00432968	0.0144854	0.000138283	5.05447e-05
0.000957489	0.00100327	0.00504303	0.0143337	0.000137329	5.05447e-05
0.000852585	0.00107288	0.00491047	0.01441	0.000138283	4.76837e-05
0.000936508	0.0010519	0.004879	0.0143661	0.000136375	4.76837e-05
0.00102806	0.000892639	0.00453472	0.0147152	0.000128746	4.76837e-05
0.00067234	0.00104046	0.00481892	0.0126591	0.000123978	4.86374e-05
0.000787735	0.000926971	0.00471306	0.0127878	0.000125885	4.86374e-05
0.000947952	0.00121117	0.00451088	0.0120783	0.000124931	4.76837e-05
0.000874519	0.00114536	0.00467491	0.0120611	0.000120163	4.673e-05
0.00117016	0.00123215	0.00457954	0.0115299	0.000117302	4.673e-05
0.00088501	0.00130463	0.00469685	0.0113916	0.0001297	4.57764e-05
0.00110722	0.00147438	0.00440216	0.0107613	0.000144958	4.3869e-05
0.000992775	0.00125122	0.00426483	0.010973	0.000145912	4.1008e-05
0.000945091	0.00136566	0.00411415	0.00869751	8.7738e-05	0
0.00106335	0.0011673	0.00416565	0.00884533	7.53403e-05	0
0.00115871	0.00146389	0.00428677	0.00818253	6.29425e-05	0
0.00116634	0.00153923	0.00457382	0.00803947	5.43594e-05	0
0.000974655	0.00133514	0.00421906	0.0081768	4.95911e-05	0
0.00100231	0.00119495	0.00436497	0.00816345	4.48227e-05	0
0.00104237	0.00106525	0.00513077	0.00821877	4.29153e-05	0
0.000991821	0.0011673	0.00490665	0.00832939	3.91006e-05	0
0.000922203	0.00097847	0.00448418	0.00825119	3.62396e-05	0
0.00094223	0.00123596	0.00450611	0.00817108	3.33786e-05	0
0.0010891	0.00141335	0.00452328	0.00771809	2.38419e-05	0
0.00098896	0.00131226	0.0042181	0.0081377	2.76566e-05	0
0.00109577	0.00118828	0.00483227	0.00724602	1.62125e-05	0
0.00106812	0.00123596	0.00496006	0.00712776	5.72205e-06	0
0.0012064	0.00107193	0.00445747	0.00656319	0	0
0.00119305	0.00123882	0.00445461	0.00646305	0	0
0.000880241	0.00123405	0.00409412	0.00501633	0	0
0.00105762	0.0010128	0.00403976	0.00477695	0	0
0.000869751	0.00139999	0.00440788	0.00488949	0	0
0.00105286	0.00110817	0.0048399	0.00477791	0	0
0.00101948	0.00114822	0.00463295	0.00514984	0	0
0.00114632	0.0013237	0.00455284	0.00487232	0	0
0.00106907	0.00142574	0.00421047	0.0054121	1.90735e-06	0
0.00112534	0.00126076	0.00450516	0.00516129	2.86102e-06	0
0.000937462	0.00129414	0.00411987	0.00492096	1.43051e-05	0
0.000927925	0.00113678	0.00443172	0.00477123	1.43051e-05	0
0.000936508	0.00130653	0.00450897	0.0048418	9.25064e-05	1.62125e-05
0.000835419	0.00140381	0.00485039	0.00489807	0.000100136	1.62125e-05
0.00131893	0.00139523	0.00504494	0.0048914	0.00018692	1.81198e-05
0.00111675	0.00142384	0.00490189	0.00525093	0.000210762	1.62125e-05
0.000973701	0.00148201	0.00461006	0.00582314	0.000442505	9.53674e-06
0.00118351	0.00119972	0.00480461	0.00579643	0.000450134	5.72205e-06
0.000967026	0.00160217	0.00403118	0.00621605	0.000471115	1.62125e-05
0.00107384	0.00140285	0.00431442	0.00602818	0.000472069	1.90735e-05
0.000718117	0.00154495	0.00496292	0.00647449	0.000441551	1.62125e-05
0.000841141	0.00146198	0.00528526	0.0060873	0.000407219	1.62125e-05
0.000607491	0.00170231	0.00483894	0.00684834	0.000263214	0
0.00069046	0.00172997	0.00515652	0.00668526	0.000271797	0
0.000665665	0.00161457	0.00502491	0.00705147	0.000183105	0
0.000691414	0.00165176	0.00525284	0.0069561	0.000152588	0
0.000725746	0.00191212	0.00439548	0.00654602	0.000127792	0
0.000771523	0.00179958	0.00464439	0.00655556	0.000123024	0
0.000617027	0.00163269	0.00503349	0.00844097	0.000198364	0
0.000723839	0.0015955	0.00503445	0.00872993	0.000225067	0
0.000600815	0.00195789	0.00497913	0.0107918	0.000710487	9.91821e-05
0.000905991	0.00219059	0.00484657	0.0108051	0.000757217	0.000117302
0.00070858	0.00183105	0.00491524	0.0115728	0.00120735	0.00014782
0.000701904	0.00204754	0.00480556	0.0115318	0.00127316	0.00014019
0.000657082	0.00156975	0.00445557	0.0120468	0.00164032	0.000126839
0.00075531	0.0017519	0.00392342	0.01231	0.00165367	0.000123024
0.000871658	0.00175285	0.00427532	0.0133238	0.0017786	0.000119209
0.00093174	0.00162506	0.00449371	0.0135927	0.00179482	0.000121117
0.000905037	0.00162315	0.00483322	0.0134735	0.00177956	0.00017643
0.000665665	0.00188446	0.00482559	0.0134764	0.00179768	0.000170708
0.000664711	0.0016098	0.00455761	0.0140219	0.00194931	0.000190735
0.000638008	0.00166321	0.00429535	0.0144453	0.00193119	0.000190735
0.000666618	0.00142765	0.00371456	0.0147924	0.00180912	0.000178337
0.000617027	0.00128937	0.00413609	0.0144386	0.00177002	0.000181198
0.000701904	0.00141239	0.00431156	0.0144968	0.0015707	0.000174522
0.000600815	0.00145435	0.00389004	0.0148401	0.00154591	0.00017643
0.000720024	0.00153065	0.00409794	0.0141058	0.00154495	0.000164032
0.00075531	0.00135708	0.00459003	0.0140133	0.001544	0.000166893
0.000792503	0.00172043	0.00416565	0.0125074	0.00145626	0.000160217
0.000623703	0.00149918	0.00471497	0.0121508	0.00144768	0.000159264
0.000645638	0.00134563	0.00450611	0.0102682	0.00116539	0.000157356
0.00071907	0.0016489	0.00438404	0.0104065	0.00116253	0.00015831
0.000839233	0.00171757	0.00487804	0.00904846	0.00098896	0.000144005
0.000720978	0.00179291	0.00444126	0.00904083	0.000998497	0.000137329
0.00071907	0.00139141	0.00531578	0.00740337	0.000779152	4.3869e-05
0.00069809	0.00166988	0.00516224	0.00696182	0.000760078	4.29153e-05
0.000742912	0.00160122	0.00459957	0.00630283	0.000460625	2.86102e-05
0.000875473	0.00137615	0.00459862	0.00639248	0.000429153	2.76566e-05
0.000694275	0.00182724	0.00411797	0.00520706	1.52588e-05	0
0.000745773	0.00167942	0.00418568	0.00509834	8.58307e-06	0
0.000849724	0.00188732	0.00460243	0.00453568	0	0
0.000753403	0.00203514	0.00460529	0.00410366	0	0
0.000743866	0.00178337	0.00386333	0.00389194	0	0
0.000823021	0.00177097	0.00478935	0.00330734	0	0
0.000817299	0.00165653	0.00420952	0.00391197	0	0
0.000735283	0.00178432	0.00420475	0.00370884	0	0
0.000787735	0.00153828	0.00394535	0.00267887	0	0
0.000832558	0.00148296	0.00413322	0.0024395	0	0
0.000694275	0.00177002	0.0042181	0.0027113	0	0
0.000716209	0.00184345	0.00454998	0.00274658	0	0
0.000774384	0.00157452	0.00462151	0.00311375	0	0
0.000611305	0.00168324	0.00440693	0.00346947	0	0
0.000687599	0.00177097	0.00455379	0.00280571	0	0
0.000961304	0.00164795	0.00454998	0.00289536	0	0
0.000890732	0.00152016	0.00428104	0.00239849	0	0
0.000678062	0.00168324	0.00407696	0.00265026	0	0
0.000786781	0.0017662	0.00455379	0.00373173	2.09808e-05	0
0.000809669	0.00151253	0.00469971	0.00421238	1.81198e-05	0
0.000683784	0.00171757	0.0046978	0.00580215	4.76837e-05	0
0.000761986	0.00185108	0.00483799	0.00568485	4.673e-05	0
0.000847816	0.00141525	0.00484657	0.00695896	6.96182e-05	0
0.000792503	0.00174332	0.00452709	0.00725746	7.43866e-05	0
0.000870705	0.00137615	0.00402069	0.00746059	0.000133514	4.76837e-06
0.000671387	0.0015192	0.00367928	0.00787926	0.000127792	3.8147e-06
0.00082016	0.00157928	0.00398827	0.00869083	0.000120163	0
0.000594139	0.00193214	0.0034132	0.00978756	0.000135422	2.86102e-06
0.000742912	0.00160122	0.00423241	0.00941658	0.000142097	3.8147e-06
0.000648499	0.00163651	0.00397968	0.00998116	0.000143051	3.8147e-06
0.000715256	0.00147724	0.00373745	0.0104094	0.000157356	7.62939e-06
0.000687599	0.00146961	0.00325584	0.0105696	0.000234604	4.00543e-05
0.000790596	0.00115967	0.00305939	0.0107889	0.000240326	4.00543e-05
0.000558853	0.00165653	0.00355339	0.0112162	0.000212669	3.71933e-05
0.000793457	0.00163937	0.00379467	0.0108519	0.000244141	3.14713e-05
0.00060463	0.00163269	0.00416183	0.0105562	0.000249863	3.24249e-05
0.000789642	0.00149059	0.00366402	0.0106392	0.00025177	3.24249e-05
0.00078392	0.00153923	0.00351334	0.0108824	0.000247002	3.52859e-05
0.000634193	0.00155258	0.00347137	0.00979137	0.000217438	3.05176e-05
0.000699043	0.00136089	0.00346756	0.00977707	0.000202179	3.05176e-05
0.000674248	0.0017271	0.00391483	0.00976849	0.000181198	3.14713e-05
0.000815392	0.0017004	0.00420094	0.00850773	0.000108719	0
0.000860214	0.00154781	0.00383759	0.00883389	9.63211e-05	0
0.000680923	0.00176716	0.0037632	0.00814247	8.10623e-05	0
0.000797272	0.00174522	0.00404644	0.00767612	8.4877e-05	0
0.00057888	0.00157452	0.00390911	0.00742245	0.000100136	0
0.000735283	0.00159931	0.00362587	0.00755978	0.000100136	0
0.000797272	0.00161076	0.00389385	0.00800705	0.000164986	6.67572e-06
0.000644684	0.00173378	0.00373936	0.00842476	0.000151634	2.09808e-05
0.000816345	0.00165176	0.00388622	0.0084362	0.00014019	1.90735e-05
0.000680923	0.00192642	0.00420475	0.00796032	0.000131607	1.81198e-05
0.000881195	0.00171089	0.00439072	0.00781822	0.000134468	1.71661e-05
0.000807762	0.0013485	0.00378418	0.00723171	0.000142097	1.43051e-05
0.000788689	0.00161743	0.00347233	0.00740051	0.000127792	1.33514e-05
0.000810623	0.00149059	0.00417614	0.00657845	9.72748e-05	1.14441e-05
0.000664711	0.00188732	0.0046072	0.00579166	6.86646e-05	1.14441e-05
0.000741005	0.00149918	0.00506592	0.00535774	6.67572e-05	9.53674e-06
0.000686646	0.00162411	0.004776	0.00461769	5.62668e-05	9.53674e-06
0.000741959	0.00166988	0.00423145	0.00463867	5.53131e-05	8.58307e-06
0.000738144	0.00151539	0.00472355	0.00310802	0	0
0.00064373	0.00129604	0.00469398	0.00335979	0	0
0.000763893	0.00182819	0.0047102	0.00332546	0	0
0.000768661	0.00147343	0.00483608	0.00451946	0	0
0.000754356	0.00177002	0.00471497	0.00464344	0	0
0.000669479	0.00154591	0.00535011	0.00462341	0	0
0.000684738	0.00168037	0.00458908	0.00474548	0	0
0.000786781	0.00146294	0.00479412	0.00474834	0	0
0.000781059	0.00175095	0.0042963	0.00592232	0	0
0.000808716	0.00168705	0.0048027	0.00506401	0	0
0.000868797	0.00159836	0.00480366	0.00530624	0	0
0.000705719	0.0013895	0.00523949	0.00474834	3.05176e-05	0
0.000847816	0.00167656	0.00507069	0.00463009	2.95639e-05	0
0.000882149	0.00164127	0.004879	0.00389481	2.19345e-05	0
0.000663757	0.00151062	0.00491047	0.00413609	2.28882e-05	0
0.000619888	0.00181961	0.00544453	0.00413609	3.33786e-05	0
0.000779152	0.00166798	0.00565243	0.00433731	0.000107765	0
0.000853539	0.00179672	0.00536633	0.00456429	0.000109673	0
0.000734329	0.00179958	0.00503349	0.00466156	9.82285e-05	0
0.000685692	0.00186634	0.00511837	0.00463676	8.86917e-05	0
0.000822067	0.00125122	0.00492382	0.0044899	4.86374e-05	0
0.000870705	0.00157642	0.00508404	0.00430775	4.95911e-05	0
0.000761032	0.00169849	0.00468826	0.00506973	1.71661e-05	0
0.000612259	0.00179195	0.00487423	0.00465775	0	0
0.000812531	0.00171471	0.0047493	0.00480938	0	0
0.000703812	0.00147057	0.00510025	0.00447464	0	0
0.000784874	0.00158882	0.00475788	0.00489426	0	0
0.000530243	0.00111198	0.00463867	0.00444031	0	0
0.000706673	0.00138569	0.00441074	0.00429153	0	0
0.000711441	0.00174522	0.00493813	0.00516701	0	0
0.000714302	0.00175285	0.0047636	0.00650597	0	0
0.00083065	0.00154114	0.00467205	0.00662899	0	0
0.000778198	0.00155449	0.00517941	0.00651455	0	0
0.000757217	0.00170231	0.00512791	0.00657368	0	0
0.000636101	0.00159645	0.00523949	0.00556374	4.3869e-05	1.23978e-05
0.000774384	0.00148869	0.00530624	0.00554752	4.48227e-05	1.23978e-05
0.000792503	0.00172043	0.0050745	0.00626087	4.00543e-05	1.23978e-05
0.000691414	0.0014267	0.00511265	0.00734901	4.673e-05	7.62939e-06
0.000807762	0.0015049	0.00512218	0.00743866	4.29153e-05	9.53674e-06
0.000641823	0.00166512	0.00469589	0.00758648	3.8147e-05	7.62939e-06
0.000652313	0.00153732	0.00527191	0.00704288	3.71933e-05	7.62939e-06
0.000655174	0.00142002	0.00419235	0.00645161	2.76566e-05	6.67572e-06
0.000572205	0.00157738	0.00434494	0.0066061	1.81198e-05	1.90735e-06
0.000891685	0.00147724	0.00453472	0.00672722	0	0
0.000723839	0.00147915	0.00519657	0.00682163	2.09808e-05	0
0.000797272	0.001647	0.00414944	0.00751877	1.81198e-05	0
0.000839233	0.00133133	0.00486851	0.00804615	5.72205e-06	0
0.000707626	0.00146484	0.00499725	0.00790024	3.8147e-06	0
0.000618935	0.00158787	0.00458431	0.00792789	0	0
0.000673294	0.00156307	0.00484467	0.00800323	0	0
0.000541687	0.00132847	0.00532818	0.00887966	5.24521e-05	0
0.000711441	0.00144958	0.00547028	0.0101833	3.71933e-05	0
0.00067997	0.00161934	0.00538921	0.0103188	4.00543e-05	0
0.000717163	0.0012722	0.00527763	0.010603	6.77109e-05	1.90735e-06
0.000470161	0.00163174	0.00515175	0.0106277	6.58035e-05	1.90735e-06
0.000728607	0.00151157	0.00474358	0.00959301	8.01086e-05	5.72205e-06
0.000711441	0.00173855	0.00427437	0.00990963	8.4877e-05	3.8147e-06
0.000906944	0.00132561	0.00590801	0.010622	0.000103951	9.53674e-07
0.000542641	0.00125027	0.00519753	0.0115499	0.000343323	6.77109e-05
0.000638962	0.00154495	0.00484753	0.0117397	0.000351906	6.77109e-05
0.000555992	0.00144577	0.00517464	0.0120201	0.000353813	7.34329e-05
0.000655174	0.0012598	0.00473118	0.0123358	0.000371933	6.96182e-05
0.000595093	0.00118256	0.00453949	0.012537	0.000360489	6.86646e-05
0.000664711	0.00115681	0.00474358	0.012146	0.000344276	6.77109e-05
0.000659943	0.00126934	0.00468636	0.0133619	0.00033474	7.24792e-05
0.00121307	0.0020771	0.00693417	0.0157757	0.000329971	7.24792e-05
0.000654221	0.001297	0.00443745	0.0137815	0.000325203	6.96182e-05
0.000757217	0.00124168	0.00467396	0.0134716	0.000338554	7.15256e-05
0.000652313	0.00149441	0.00435257	0.0121946	0.000249863	7.15256e-05
0.000686646	0.0012331	0.00443935	0.0118437	0.000227928	6.58035e-05
0.000490189	0.0012579	0.0042944	0.0101738	7.62939e-05	0
0.000659943	0.00120354	0.00452709	0.00973034	7.15256e-05	0
0.000707626	0.00161552	0.00514889	0.00867176	5.81741e-05	0
0.000700951	0.00180721	0.00469398	0.00867939	6.00815e-05	0
0.000778198	0.00145245	0.00562	0.00763893	5.24521e-05	0
0.000722885	0.00172234	0.00498867	0.00787258	5.05447e-05	0
0.000832558	0.00168514	0.00501347	0.00769138	4.19617e-05	0
0.000814438	0.00157833	0.00531387	0.00735378	3.71933e-05	0
0.000669479	0.00157356	0.00519943	0.00651455	2.28882e-05	0
0.000679016	0.00144958	0.00528812	0.00729752	0.000125885	4.86374e-05
0.000649452	0.00149155	0.00494957	0.00741196	0.000248909	7.9155e-05
0.000658989	0.00199795	0.00484276	0.00814915	0.00025177	8.10623e-05
